date,close
2000-01-03,88.800003
2000-01-04,80.400002
2000-01-05,77.680000
2000-01-06,76.800003
2000-01-07,76.800003
2000-01-10,80.040001
2000-01-11,81.599998
2000-01-12,85.199997
2000-01-13,90.400002
2000-01-14,94.000000
2000-01-17,93.000000
2000-01-18,89.199997
2000-01-19,88.000000
2000-01-20,88.599998
2000-01-21,86.599998
2000-01-24,85.800003
2000-01-25,84.000000
2000-01-26,84.000000
2000-01-27,84.199997
2000-01-28,84.400002
2000-01-31,82.199997
2000-02-01,82.199997
2000-02-02,85.800003
2000-02-03,88.180000
2000-02-04,88.199997
2000-02-07,87.500000
2000-02-08,89.599998
2000-02-09,85.980003
2000-02-10,78.440002
2000-02-11,81.860001
2000-02-14,81.699997
2000-02-15,79.540001
2000-02-16,80.199997
2000-02-17,79.000000
2000-02-18,75.239998
2000-02-21,73.199997
2000-02-22,72.500000
2000-02-23,72.800003
2000-02-24,74.760002
2000-02-25,78.739998
2000-02-28,77.019997
2000-02-29,77.099998
2000-03-01,76.739998
2000-03-02,75.800003
2000-03-03,73.000000
2000-03-06,71.300003
2000-03-07,75.000000
2000-03-08,74.339996
2000-03-09,76.580002
2000-03-10,83.400002
2000-03-13,83.400002
2000-03-14,88.839996
2000-03-15,87.000000
2000-03-16,87.099998
2000-03-17,86.199997
2000-03-20,83.180000
2000-03-21,81.199997
2000-03-22,81.800003
2000-03-23,81.500000
2000-03-24,85.599998
2000-03-27,86.199997
2000-03-28,86.279999
2000-03-29,86.440002
2000-03-30,84.000000
2000-03-31,87.440002
2000-04-03,86.199997
2000-04-04,88.000000
2000-04-05,86.199997
2000-04-06,86.239998
2000-04-07,86.400002
2000-04-10,85.599998
2000-04-11,85.760002
2000-04-12,86.800003
2000-04-13,86.500000
2000-04-14,86.500000
2000-04-17,85.959999
2000-04-18,86.040001
2000-04-19,85.300003
2000-04-20,87.800003
2000-04-21,87.800003
2000-04-24,87.800003
2000-04-25,89.699997
2000-04-26,95.199997
2000-04-27,90.800003
2000-04-28,92.320000
2000-05-01,92.320000
2000-05-02,94.160004
2000-05-03,91.599998
2000-05-04,91.919998
2000-05-05,91.519997
2000-05-08,90.400002
2000-05-09,90.400002
2000-05-10,90.680000
2000-05-11,90.199997
2000-05-12,92.239998
2000-05-15,91.440002
2000-05-16,94.580002
2000-05-17,94.620003
2000-05-18,93.860001
2000-05-19,90.400002
2000-05-22,89.199997
2000-05-23,89.820000
2000-05-24,89.400002
2000-05-25,89.400002
2000-05-26,89.519997
2000-05-29,89.059998
2000-05-30,87.959999
2000-05-31,87.440002
2000-06-01,87.900002
2000-06-02,90.599998
2000-06-05,90.400002
2000-06-06,90.000000
2000-06-07,90.580002
2000-06-08,88.000000
2000-06-09,87.940002
2000-06-12,87.940002
2000-06-13,87.099998
2000-06-14,87.120003
2000-06-15,86.879997
2000-06-16,85.900002
2000-06-19,85.900002
2000-06-20,85.160004
2000-06-21,85.000000
2000-06-22,86.980003
2000-06-23,89.500000
2000-06-26,90.959999
2000-06-27,90.360001
2000-06-28,90.879997
2000-06-29,89.199997
2000-06-30,86.379997
2000-07-03,87.150002
2000-07-04,85.949997
2000-07-05,86.800003
2000-07-06,86.400002
2000-07-07,88.199997
2000-07-10,87.900002
2000-07-11,89.699997
2000-07-12,89.849998
2000-07-13,89.800003
2000-07-14,89.800003
2000-07-17,91.000000
2000-07-18,89.699997
2000-07-19,88.750000
2000-07-20,91.599998
2000-07-21,91.000000
2000-07-24,91.500000
2000-07-25,92.000000
2000-07-26,91.800003
2000-07-27,94.849998
2000-07-28,92.349998
2000-07-31,93.849998
2000-08-01,94.800003
2000-08-02,96.000000
2000-08-03,93.599998
2000-08-04,92.949997
2000-08-07,94.599998
2000-08-08,96.500000
2000-08-09,96.199997
2000-08-10,96.449997
2000-08-11,95.550003
2000-08-14,95.699997
2000-08-15,95.199997
2000-08-16,96.099998
2000-08-17,94.500000
2000-08-18,92.599998
2000-08-21,89.750000
2000-08-22,89.599998
2000-08-23,90.000000
2000-08-24,89.500000
2000-08-25,91.449997
2000-08-28,90.650002
2000-08-29,90.199997
2000-08-30,88.400002
2000-08-31,87.400002
2000-09-01,90.199997
2000-09-04,89.300003
2000-09-05,90.750000
2000-09-06,88.050003
2000-09-07,89.150002
2000-09-08,87.000000
2000-09-11,86.000000
2000-09-12,89.400002
2000-09-13,88.000000
2000-09-14,89.000000
2000-09-15,86.050003
2000-09-18,84.000000
2000-09-19,85.400002
2000-09-20,86.000000
2000-09-21,84.000000
2000-09-22,84.550003
2000-09-25,83.400002
2000-09-26,83.150002
2000-09-27,85.099998
2000-09-28,85.300003
2000-09-29,85.550003
2000-10-02,85.550003
2000-10-03,86.300003
2000-10-04,85.099998
2000-10-05,85.150002
2000-10-06,84.150002
2000-10-09,81.099998
2000-10-10,83.400002
2000-10-11,82.199997
2000-10-12,83.300003
2000-10-13,81.500000
2000-10-16,81.599998
2000-10-17,80.349998
2000-10-18,79.000000
2000-10-19,80.400002
2000-10-20,81.400002
2000-10-23,81.199997
2000-10-24,83.800003
2000-10-25,83.050003
2000-10-26,83.250000
2000-10-27,84.449997
2000-10-30,84.900002
2000-10-31,86.000000
2000-11-01,86.599998
2000-11-02,85.349998
2000-11-03,86.500000
2000-11-06,87.050003
2000-11-07,85.800003
2000-11-08,86.000000
2000-11-09,85.199997
2000-11-10,83.599998
2000-11-13,80.500000
2000-11-14,81.349998
2000-11-15,82.000000
2000-11-16,81.500000
2000-11-17,80.500000
2000-11-20,79.150002
2000-11-21,81.000000
2000-11-22,80.500000
2000-11-23,78.150002
2000-11-24,79.000000
2000-11-27,81.000000
2000-11-28,80.099998
2000-11-29,79.500000
2000-11-30,76.000000
2000-12-01,73.000000
2000-12-04,70.849998
2000-12-05,72.000000
2000-12-06,72.599998
2000-12-07,72.199997
2000-12-08,73.500000
2000-12-11,76.599998
2000-12-12,77.000000
2000-12-13,74.099998
2000-12-14,72.550003
2000-12-15,69.849998
2000-12-18,73.250000
2000-12-19,74.000000
2000-12-20,69.099998
2000-12-21,67.300003
2000-12-22,67.500000
2000-12-25,67.500000
2000-12-26,67.500000
2000-12-27,71.449997
2000-12-28,71.099998
2000-12-29,70.500000
2001-01-01,70.500000
2001-01-02,69.599998
2001-01-03,68.500000
2001-01-04,68.500000
2001-01-05,66.050003
2001-01-08,65.000000
2001-01-09,64.650002
2001-01-10,62.750000
2001-01-11,64.099998
2001-01-12,67.500000
2001-01-15,67.650002
2001-01-16,68.250000
2001-01-17,71.849998
2001-01-18,72.300003
2001-01-19,72.500000
2001-01-22,71.699997
2001-01-23,72.900002
2001-01-24,72.900002
2001-01-25,71.500000
2001-01-26,71.500000
2001-01-29,71.599998
2001-01-30,71.449997
2001-01-31,70.300003
2001-02-01,70.000000
2001-02-02,68.300003
2001-02-05,68.300003
2001-02-06,68.199997
2001-02-07,68.250000
2001-02-08,67.699997
2001-02-09,66.849998
2001-02-12,67.750000
2001-02-13,67.300003
2001-02-14,66.300003
2001-02-15,69.849998
2001-02-16,67.000000
2001-02-19,68.000000
2001-02-20,67.199997
2001-02-21,66.349998
2001-02-22,66.349998
2001-02-23,65.550003
2001-02-26,67.349998
2001-02-27,68.000000
2001-02-28,66.750000
2001-03-01,65.099998
2001-03-02,64.050003
2001-03-05,63.500000
2001-03-06,64.199997
2001-03-07,63.200001
2001-03-08,64.099998
2001-03-09,61.849998
2001-03-12,58.500000
2001-03-13,57.500000
2001-03-14,57.500000
2001-03-15,55.700001
2001-03-16,55.549999
2001-03-19,53.599998
2001-03-20,56.650002
2001-03-21,55.500000
2001-03-22,52.700001
2001-03-23,53.750000
2001-03-26,56.299999
2001-03-27,59.400002
2001-03-28,57.900002
2001-03-29,58.000000
2001-03-30,57.000000
2001-04-02,57.750000
2001-04-03,55.049999
2001-04-04,56.000000
2001-04-05,56.900002
2001-04-06,57.400002
2001-04-09,59.000000
2001-04-10,60.849998
2001-04-11,60.650002
2001-04-12,59.349998
2001-04-13,59.349998
2001-04-16,59.349998
2001-04-17,59.200001
2001-04-18,63.000000
2001-04-19,62.000000
2001-04-20,60.950001
2001-04-23,60.500000
2001-04-24,61.500000
2001-04-25,62.150002
2001-04-26,65.000000
2001-04-27,68.150002
2001-04-30,69.599998
2001-05-01,69.599998
2001-05-02,68.550003
2001-05-03,66.400002
2001-05-04,67.550003
2001-05-07,67.550003
2001-05-08,68.449997
2001-05-09,68.199997
2001-05-10,70.599998
2001-05-11,70.599998
2001-05-14,64.900002
2001-05-15,64.500000
2001-05-16,63.900002
2001-05-17,65.900002
2001-05-18,67.000000
2001-05-21,67.050003
2001-05-22,69.900002
2001-05-23,68.550003
2001-05-24,68.550003
2001-05-25,67.800003
2001-05-28,68.250000
2001-05-29,67.250000
2001-05-30,67.300003
2001-05-31,67.000000
2001-06-01,65.949997
2001-06-04,65.949997
2001-06-05,66.699997
2001-06-06,66.500000
2001-06-07,65.550003
2001-06-08,65.599998
2001-06-11,65.849998
2001-06-12,64.150002
2001-06-13,65.050003
2001-06-14,63.599998
2001-06-15,61.900002
2001-06-18,61.000000
2001-06-19,61.349998
2001-06-20,59.950001
2001-06-21,59.200001
2001-06-22,59.900002
2001-06-25,59.950001
2001-06-26,58.950001
2001-06-27,59.700001
2001-06-28,60.000000
2001-06-29,59.500000
2001-07-02,59.000000
2001-07-03,59.000000
2001-07-04,56.000000
2001-07-05,56.450001
2001-07-06,53.000000
2001-07-09,57.000000
2001-07-10,55.599998
2001-07-11,55.700001
2001-07-12,57.099998
2001-07-13,57.799999
2001-07-16,58.150002
2001-07-17,57.400002
2001-07-18,56.450001
2001-07-19,57.599998
2001-07-20,57.200001
2001-07-23,57.099998
2001-07-24,56.200001
2001-07-25,55.799999
2001-07-26,56.500000
2001-07-27,57.299999
2001-07-30,60.150002
2001-07-31,60.500000
2001-08-01,58.400002
2001-08-02,59.099998
2001-08-03,58.099998
2001-08-06,58.500000
2001-08-07,58.950001
2001-08-08,57.500000
2001-08-09,56.099998
2001-08-10,55.650002
2001-08-13,56.049999
2001-08-14,57.250000
2001-08-15,56.799999
2001-08-16,55.650002
2001-08-17,55.000000
2001-08-20,55.150002
2001-08-21,55.099998
2001-08-22,55.750000
2001-08-23,55.700001
2001-08-24,57.549999
2001-08-27,57.200001
2001-08-28,56.049999
2001-08-29,56.700001
2001-08-30,54.200001
2001-08-31,53.450001
2001-09-03,52.599998
2001-09-04,54.000000
2001-09-05,52.650002
2001-09-06,50.849998
2001-09-07,49.150002
2001-09-10,49.189999
2001-09-11,45.340000
2001-09-12,43.080002
2001-09-13,40.810001
2001-09-14,37.959999
2001-09-17,37.220001
2001-09-18,36.230000
2001-09-19,35.470001
2001-09-20,32.369999
2001-09-21,28.400000
2001-09-24,33.200001
2001-09-25,35.009998
2001-09-26,35.250000
2001-09-27,34.279999
2001-09-28,34.900002
2001-10-01,34.000000
2001-10-02,33.270000
2001-10-03,33.549999
2001-10-04,37.450001
2001-10-05,36.270000
2001-10-08,35.299999
2001-10-09,34.970001
2001-10-10,36.630001
2001-10-11,37.349998
2001-10-12,38.830002
2001-10-15,36.500000
2001-10-16,38.950001
2001-10-17,40.000000
2001-10-18,40.950001
2001-10-19,39.000000
2001-10-22,40.000000
2001-10-23,41.599998
2001-10-24,44.400002
2001-10-25,42.790001
2001-10-26,42.599998
2001-10-29,39.500000
2001-10-30,38.220001
2001-10-31,39.169998
2001-11-01,39.389999
2001-11-02,39.549999
2001-11-05,41.369999
2001-11-06,41.189999
2001-11-07,41.900002
2001-11-08,43.230000
2001-11-09,42.090000
2001-11-12,40.779999
2001-11-13,43.590000
2001-11-14,46.200001
2001-11-15,46.799999
2001-11-16,45.799999
2001-11-19,49.299999
2001-11-20,47.299999
2001-11-21,46.049999
2001-11-22,47.090000
2001-11-23,46.400002
2001-11-26,47.419998
2001-11-27,46.090000
2001-11-28,44.099998
2001-11-29,43.560001
2001-11-30,45.330002
2001-12-03,44.099998
2001-12-04,44.680000
2001-12-05,48.400002
2001-12-06,49.169998
2001-12-07,49.650002
2001-12-10,47.500000
2001-12-11,47.900002
2001-12-12,47.150002
2001-12-13,45.689999
2001-12-14,43.700001
2001-12-17,45.830002
2001-12-18,44.849998
2001-12-19,44.849998
2001-12-20,44.250000
2001-12-21,43.619999
2001-12-24,44.270000
2001-12-25,44.270000
2001-12-26,44.270000
2001-12-27,44.919998
2001-12-28,45.700001
2001-12-31,45.700001
2002-01-01,45.700001
2002-01-02,46.599998
2002-01-03,48.160000
2002-01-04,49.270000
2002-01-07,48.650002
2002-01-08,47.250000
2002-01-09,47.580002
2002-01-10,45.900002
2002-01-11,45.349998
2002-01-14,45.000000
2002-01-15,45.209999
2002-01-16,44.560001
2002-01-17,44.000000
2002-01-18,43.160000
2002-01-21,43.119999
2002-01-22,43.860001
2002-01-23,45.000000
2002-01-24,47.139999
2002-01-25,47.009998
2002-01-28,47.220001
2002-01-29,46.099998
2002-01-30,45.790001
2002-01-31,46.700001
2002-02-01,47.200001
2002-02-04,46.900002
2002-02-05,45.849998
2002-02-06,44.000000
2002-02-07,44.599998
2002-02-08,45.099998
2002-02-11,46.830002
2002-02-12,46.590000
2002-02-13,47.250000
2002-02-14,48.990002
2002-02-15,48.070000
2002-02-18,48.000000
2002-02-19,46.299999
2002-02-20,47.849998
2002-02-21,48.250000
2002-02-22,48.500000
2002-02-25,51.500000
2002-02-26,52.500000
2002-02-27,53.500000
2002-02-28,54.000000
2002-03-01,54.250000
2002-03-04,57.799999
2002-03-05,58.400002
2002-03-06,57.250000
2002-03-07,59.799999
2002-03-08,59.849998
2002-03-11,59.250000
2002-03-12,58.099998
2002-03-13,57.799999
2002-03-14,58.299999
2002-03-15,60.099998
2002-03-18,60.950001
2002-03-19,60.950001
2002-03-20,59.799999
2002-03-21,59.349998
2002-03-22,59.450001
2002-03-25,59.500000
2002-03-26,58.500000
2002-03-27,57.950001
2002-03-28,58.400002
2002-03-29,57.950001
2002-04-01,57.950001
2002-04-02,57.950001
2002-04-03,58.599998
2002-04-04,57.049999
2002-04-05,56.599998
2002-04-08,54.799999
2002-04-09,55.049999
2002-04-10,56.000000
2002-04-11,54.900002
2002-04-12,55.599998
2002-04-15,56.349998
2002-04-16,57.200001
2002-04-17,57.099998
2002-04-18,56.799999
2002-04-19,56.500000
2002-04-22,56.549999
2002-04-23,57.500000
2002-04-24,56.750000
2002-04-25,57.500000
2002-04-26,57.250000
2002-04-29,57.200001
2002-04-30,58.049999
2002-05-01,58.049999
2002-05-02,58.700001
2002-05-03,58.250000
2002-05-06,57.900002
2002-05-07,57.200001
2002-05-08,58.049999
2002-05-09,58.299999
2002-05-10,58.299999
2002-05-13,59.299999
2002-05-14,59.750000
2002-05-15,59.150002
2002-05-16,59.700001
2002-05-17,60.500000
2002-05-20,59.349998
2002-05-21,60.700001
2002-05-22,58.799999
2002-05-23,58.349998
2002-05-24,60.799999
2002-05-27,60.500000
2002-05-28,59.900002
2002-05-29,59.799999
2002-05-30,57.500000
2002-05-31,56.750000
2002-06-03,57.049999
2002-06-04,54.150002
2002-06-05,54.200001
2002-06-06,54.599998
2002-06-07,52.500000
2002-06-10,53.000000
2002-06-11,54.450001
2002-06-12,53.150002
2002-06-13,50.500000
2002-06-14,48.639999
2002-06-17,50.299999
2002-06-18,51.700001
2002-06-19,51.400002
2002-06-20,49.650002
2002-06-21,48.630001
2002-06-24,47.240002
2002-06-25,48.360001
2002-06-26,48.060001
2002-06-27,49.000000
2002-06-28,51.000000
2002-07-01,50.450001
2002-07-02,49.389999
2002-07-03,47.299999
2002-07-04,46.250000
2002-07-05,47.330002
2002-07-08,46.880001
2002-07-09,46.520000
2002-07-10,43.849998
2002-07-11,43.520000
2002-07-12,42.090000
2002-07-15,39.810001
2002-07-16,41.250000
2002-07-17,43.400002
2002-07-18,46.320000
2002-07-19,44.950001
2002-07-22,42.320000
2002-07-23,40.959999
2002-07-24,41.599998
2002-07-25,42.740002
2002-07-26,42.500000
2002-07-29,45.759998
2002-07-30,45.150002
2002-07-31,45.099998
2002-08-01,42.349998
2002-08-02,42.439999
2002-08-05,39.549999
2002-08-06,41.549999
2002-08-07,42.230000
2002-08-08,42.000000
2002-08-09,43.509998
2002-08-12,42.230000
2002-08-13,42.730000
2002-08-14,41.330002
2002-08-15,43.150002
2002-08-16,42.849998
2002-08-19,43.990002
2002-08-20,42.650002
2002-08-21,44.349998
2002-08-22,46.480000
2002-08-23,45.650002
2002-08-26,44.750000
2002-08-27,45.500000
2002-08-28,43.930000
2002-08-29,42.549999
2002-08-30,42.470001
2002-09-02,41.799999
2002-09-03,40.070000
2002-09-04,40.849998
2002-09-05,39.500000
2002-09-06,40.900002
2002-09-09,40.360001
2002-09-10,42.150002
2002-09-11,43.750000
2002-09-12,43.500000
2002-09-13,41.779999
2002-09-16,41.180000
2002-09-17,41.570000
2002-09-18,40.360001
2002-09-19,38.599998
2002-09-20,38.540001
2002-09-23,38.099998
2002-09-24,36.570000
2002-09-25,36.099998
2002-09-26,38.230000
2002-09-27,38.400002
2002-09-30,36.900002
2002-10-01,35.750000
2002-10-02,36.660000
2002-10-03,35.770000
2002-10-04,34.750000
2002-10-07,34.250000
2002-10-08,33.540001
2002-10-09,32.480000
2002-10-10,33.639999
2002-10-11,37.099998
2002-10-14,36.930000
2002-10-15,41.270000
2002-10-16,40.990002
2002-10-17,43.400002
2002-10-18,42.369999
2002-10-21,43.630001
2002-10-22,43.750000
2002-10-23,42.290001
2002-10-24,43.160000
2002-10-25,43.029999
2002-10-28,43.950001
2002-10-29,41.990002
2002-10-30,44.299999
2002-10-31,45.330002
2002-11-01,45.790001
2002-11-04,47.060001
2002-11-05,46.200001
2002-11-06,45.639999
2002-11-07,43.049999
2002-11-08,42.200001
2002-11-11,41.980000
2002-11-12,41.750000
2002-11-13,41.250000
2002-11-14,43.509998
2002-11-15,44.099998
2002-11-18,44.139999
2002-11-19,43.400002
2002-11-20,43.680000
2002-11-21,46.209999
2002-11-22,46.290001
2002-11-25,46.450001
2002-11-26,44.779999
2002-11-27,46.599998
2002-11-28,47.750000
2002-11-29,47.400002
2002-12-02,46.700001
2002-12-03,45.380001
2002-12-04,44.980000
2002-12-05,43.209999
2002-12-06,43.250000
2002-12-09,42.000000
2002-12-10,42.130001
2002-12-11,43.380001
2002-12-12,42.650002
2002-12-13,41.250000
2002-12-16,41.730000
2002-12-17,40.919998
2002-12-18,39.790001
2002-12-19,39.549999
2002-12-20,39.880001
2002-12-23,40.410000
2002-12-24,39.810001
2002-12-25,39.810001
2002-12-26,39.810001
2002-12-27,38.720001
2002-12-30,39.410000
2002-12-31,39.150002
2003-01-01,39.139999
2003-01-02,41.139999
2003-01-03,41.020000
2003-01-06,40.700001
2003-01-07,39.669998
2003-01-08,38.250000
2003-01-09,37.660000
2003-01-10,38.369999
2003-01-13,38.049999
2003-01-14,38.840000
2003-01-15,38.230000
2003-01-16,38.310001
2003-01-17,37.330002
2003-01-20,37.209999
2003-01-21,36.669998
2003-01-22,35.740002
2003-01-23,36.700001
2003-01-24,37.869999
2003-01-27,36.220001
2003-01-28,35.820000
2003-01-29,36.430000
2003-01-30,38.700001
2003-01-31,39.380001
2003-02-03,39.750000
2003-02-04,38.689999
2003-02-05,39.540001
2003-02-06,38.599998
2003-02-07,39.250000
2003-02-10,38.000000
2003-02-11,38.889999
2003-02-12,38.110001
2003-02-13,37.669998
2003-02-14,39.150002
2003-02-17,39.700001
2003-02-18,40.180000
2003-02-19,39.290001
2003-02-20,38.900002
2003-02-21,39.110001
2003-02-24,38.299999
2003-02-25,36.910000
2003-02-26,36.700001
2003-02-27,37.660000
2003-02-28,38.320000
2003-03-03,39.480000
2003-03-04,38.779999
2003-03-05,38.080002
2003-03-06,38.200001
2003-03-07,37.450001
2003-03-10,37.599998
2003-03-11,37.200001
2003-03-12,35.849998
2003-03-13,37.930000
2003-03-14,40.610001
2003-03-17,42.070000
2003-03-18,41.450001
2003-03-19,42.240002
2003-03-20,40.700001
2003-03-21,41.500000
2003-03-24,39.799999
2003-03-25,40.000000
2003-03-26,40.400002
2003-03-27,39.049999
2003-03-28,38.009998
2003-03-31,36.160000
2003-04-01,34.799999
2003-04-02,35.049999
2003-04-03,36.750000
2003-04-04,36.810001
2003-04-07,39.000000
2003-04-08,38.099998
2003-04-09,39.560001
2003-04-10,38.860001
2003-04-11,39.360001
2003-04-14,39.400002
2003-04-15,39.750000
2003-04-16,40.270000
2003-04-17,40.400002
2003-04-18,40.400002
2003-04-21,40.400002
2003-04-22,39.540001
2003-04-23,39.400002
2003-04-24,37.799999
2003-04-25,37.389999
2003-04-28,38.250000
2003-04-29,38.599998
2003-04-30,39.099998
2003-05-01,39.099998
2003-05-02,38.900002
2003-05-05,38.950001
2003-05-06,39.599998
2003-05-07,39.349998
2003-05-08,38.560001
2003-05-09,39.380001
2003-05-12,39.340000
2003-05-13,39.799999
2003-05-14,40.009998
2003-05-15,42.450001
2003-05-16,43.000000
2003-05-19,41.900002
2003-05-20,41.750000
2003-05-21,42.220001
2003-05-22,42.250000
2003-05-23,42.400002
2003-05-26,42.099998
2003-05-27,42.230000
2003-05-28,42.580002
2003-05-29,43.119999
2003-05-30,43.619999
2003-06-02,44.470001
2003-06-03,44.400002
2003-06-04,44.310001
2003-06-05,43.930000
2003-06-06,44.730000
2003-06-09,44.849998
2003-06-10,44.930000
2003-06-11,44.950001
2003-06-12,45.240002
2003-06-13,44.970001
2003-06-16,45.450001
2003-06-17,45.680000
2003-06-18,45.900002
2003-06-19,46.009998
2003-06-20,45.900002
2003-06-23,45.000000
2003-06-24,44.310001
2003-06-25,43.950001
2003-06-26,43.919998
2003-06-27,44.410000
2003-06-30,43.189999
2003-07-01,42.799999
2003-07-02,43.889999
2003-07-03,43.610001
2003-07-04,44.090000
2003-07-07,46.200001
2003-07-08,45.840000
2003-07-09,45.500000
2003-07-10,44.900002
2003-07-11,46.700001
2003-07-14,47.410000
2003-07-15,48.549999
2003-07-16,48.139999
2003-07-17,47.180000
2003-07-18,47.250000
2003-07-21,46.500000
2003-07-22,46.799999
2003-07-23,46.500000
2003-07-24,47.689999
2003-07-25,47.389999
2003-07-28,48.610001
2003-07-29,48.220001
2003-07-30,48.580002
2003-07-31,48.779999
2003-08-01,49.139999
2003-08-04,48.680000
2003-08-05,48.630001
2003-08-06,47.709999
2003-08-07,47.490002
2003-08-08,47.500000
2003-08-11,47.790001
2003-08-12,48.119999
2003-08-13,48.029999
2003-08-14,48.599998
2003-08-15,48.709999
2003-08-18,49.000000
2003-08-19,50.299999
2003-08-20,51.000000
2003-08-21,53.049999
2003-08-22,53.549999
2003-08-25,52.849998
2003-08-26,53.200001
2003-08-27,54.299999
2003-08-28,55.000000
2003-08-29,54.750000
2003-09-01,54.849998
2003-09-02,55.750000
2003-09-03,56.549999
2003-09-04,55.250000
2003-09-05,55.000000
2003-09-08,55.299999
2003-09-09,55.599998
2003-09-10,53.799999
2003-09-11,54.299999
2003-09-12,53.700001
2003-09-15,53.950001
2003-09-16,54.650002
2003-09-17,54.500000
2003-09-18,54.799999
2003-09-19,54.750000
2003-09-22,53.299999
2003-09-23,53.750000
2003-09-24,54.450001
2003-09-25,53.500000
2003-09-26,52.599998
2003-09-29,53.400002
2003-09-30,53.349998
2003-10-01,53.200001
2003-10-02,53.500000
2003-10-03,55.400002
2003-10-06,56.450001
2003-10-07,55.400002
2003-10-08,55.849998
2003-10-09,57.299999
2003-10-10,57.250000
2003-10-13,58.150002
2003-10-14,57.900002
2003-10-15,59.349998
2003-10-16,59.000000
2003-10-17,58.349998
2003-10-20,57.500000
2003-10-21,58.599998
2003-10-22,57.700001
2003-10-23,56.849998
2003-10-24,57.099998
2003-10-27,57.750000
2003-10-28,58.349998
2003-10-29,59.400002
2003-10-30,60.250000
2003-10-31,59.450001
2003-11-03,60.950001
2003-11-04,60.349998
2003-11-05,59.650002
2003-11-06,60.099998
2003-11-07,60.849998
2003-11-10,60.349998
2003-11-11,59.900002
2003-11-12,60.400002
2003-11-13,59.750000
2003-11-14,60.150002
2003-11-17,58.000000
2003-11-18,57.599998
2003-11-19,56.799999
2003-11-20,56.349998
2003-11-21,56.349998
2003-11-24,57.349998
2003-11-25,57.599998
2003-11-26,57.150002
2003-11-27,57.750000
2003-11-28,57.450001
2003-12-01,59.000000
2003-12-02,59.049999
2003-12-03,59.400002
2003-12-04,59.250000
2003-12-05,58.000000
2003-12-08,57.200001
2003-12-09,56.849998
2003-12-10,56.500000
2003-12-11,56.500000
2003-12-12,56.400002
2003-12-15,57.049999
2003-12-16,56.599998
2003-12-17,56.200001
2003-12-18,56.349998
2003-12-19,56.950001
2003-12-22,55.900002
2003-12-23,56.650002
2003-12-24,56.500000
2003-12-25,56.500000
2003-12-26,56.500000
2003-12-29,56.700001
2003-12-30,57.450001
2003-12-31,57.700001
2004-01-01,57.700001
2004-01-02,58.049999
2004-01-05,58.450001
2004-01-06,58.299999
2004-01-07,58.200001
2004-01-08,59.750000
2004-01-09,59.049999
2004-01-12,58.349998
2004-01-13,59.250000
2004-01-14,60.049999
2004-01-15,60.099998
2004-01-16,61.099998
2004-01-19,61.299999
2004-01-20,62.299999
2004-01-21,62.750000
2004-01-22,62.000000
2004-01-23,61.200001
2004-01-26,60.950001
2004-01-27,60.549999
2004-01-28,60.150002
2004-01-29,59.200001
2004-01-30,57.900002
2004-02-02,57.900002
2004-02-03,56.950001
2004-02-04,57.000000
2004-02-05,57.549999
2004-02-06,57.000000
2004-02-09,58.799999
2004-02-10,59.599998
2004-02-11,59.950001
2004-02-12,59.750000
2004-02-13,59.299999
2004-02-16,59.599998
2004-02-17,59.549999
2004-02-18,60.599998
2004-02-19,61.500000
2004-02-20,61.250000
2004-02-23,61.849998
2004-02-24,60.750000
2004-02-25,60.349998
2004-02-26,60.500000
2004-02-27,61.500000
2004-03-01,61.849998
2004-03-02,62.500000
2004-03-03,61.950001
2004-03-04,61.950001
2004-03-05,61.549999
2004-03-08,61.849998
2004-03-09,61.150002
2004-03-10,60.849998
2004-03-11,59.000000
2004-03-12,58.700001
2004-03-15,57.099998
2004-03-16,57.750000
2004-03-17,58.950001
2004-03-18,58.000000
2004-03-19,57.700001
2004-03-22,56.500000
2004-03-23,56.250000
2004-03-24,55.750000
2004-03-25,57.200001
2004-03-26,57.849998
2004-03-29,58.349998
2004-03-30,59.200001
2004-03-31,59.799999
2004-04-01,60.000000
2004-04-02,60.349998
2004-04-05,61.500000
2004-04-06,61.200001
2004-04-07,61.250000
2004-04-08,60.400002
2004-04-09,60.400002
2004-04-12,60.400002
2004-04-13,61.549999
2004-04-14,60.950001
2004-04-15,60.000000
2004-04-16,60.599998
2004-04-19,60.900002
2004-04-20,61.349998
2004-04-21,60.250000
2004-04-22,60.150002
2004-04-23,60.799999
2004-04-26,60.750000
2004-04-27,60.849998
2004-04-28,59.950001
2004-04-29,59.500000
2004-04-30,58.799999
2004-05-03,58.849998
2004-05-04,59.000000
2004-05-05,59.700001
2004-05-06,58.299999
2004-05-07,57.900002
2004-05-10,56.400002
2004-05-11,57.500000
2004-05-12,56.799999
2004-05-13,57.250000
2004-05-14,56.349998
2004-05-17,55.450001
2004-05-18,56.750000
2004-05-19,57.900002
2004-05-20,57.450001
2004-05-21,57.599998
2004-05-24,58.349998
2004-05-25,57.700001
2004-05-26,58.049999
2004-05-27,58.750000
2004-05-28,58.500000
2004-05-31,58.700001
2004-06-01,57.599998
2004-06-02,58.099998
2004-06-03,57.900002
2004-06-04,58.400002
2004-06-07,58.799999
2004-06-08,58.799999
2004-06-09,58.349998
2004-06-10,58.349998
2004-06-11,58.450001
2004-06-14,57.500000
2004-06-15,58.549999
2004-06-16,58.950001
2004-06-17,58.700001
2004-06-18,58.650002
2004-06-21,58.349998
2004-06-22,57.750000
2004-06-23,58.049999
2004-06-24,59.799999
2004-06-25,59.349998
2004-06-28,60.000000
2004-06-29,59.799999
2004-06-30,59.450001
2004-07-01,59.450001
2004-07-02,58.700001
2004-07-05,58.650002
2004-07-06,58.500000
2004-07-07,58.500000
2004-07-08,58.900002
2004-07-09,58.650002
2004-07-12,58.099998
2004-07-13,58.099998
2004-07-14,58.150002
2004-07-15,57.400002
2004-07-16,57.799999
2004-07-19,57.299999
2004-07-20,58.400002
2004-07-21,58.900002
2004-07-22,57.250000
2004-07-23,56.700001
2004-07-26,55.650002
2004-07-27,56.299999
2004-07-28,56.000000
2004-07-29,57.250000
2004-07-30,56.700001
2004-08-02,56.049999
2004-08-03,56.200001
2004-08-04,54.250000
2004-08-05,53.849998
2004-08-06,52.599998
2004-08-09,51.799999
2004-08-10,52.750000
2004-08-11,52.349998
2004-08-12,51.500000
2004-08-13,50.950001
2004-08-16,51.599998
2004-08-17,52.549999
2004-08-18,52.200001
2004-08-19,52.549999
2004-08-20,51.700001
2004-08-23,52.950001
2004-08-24,53.450001
2004-08-25,53.099998
2004-08-26,53.750000
2004-08-27,53.650002
2004-08-30,53.450001
2004-08-31,52.599998
2004-09-01,53.299999
2004-09-02,53.549999
2004-09-03,53.650002
2004-09-06,54.599998
2004-09-07,54.599998
2004-09-08,55.450001
2004-09-09,54.799999
2004-09-10,54.549999
2004-09-13,55.849998
2004-09-14,55.250000
2004-09-15,55.299999
2004-09-16,55.750000
2004-09-17,56.599998
2004-09-20,55.650002
2004-09-21,55.700001
2004-09-22,55.000000
2004-09-23,53.950001
2004-09-24,54.299999
2004-09-27,53.799999
2004-09-28,53.950001
2004-09-29,54.400002
2004-09-30,53.750000
2004-10-01,55.049999
2004-10-04,55.650002
2004-10-05,55.900002
2004-10-06,55.799999
2004-10-07,56.400002
2004-10-08,56.799999
2004-10-11,56.700001
2004-10-12,56.349998
2004-10-13,55.900002
2004-10-14,55.000000
2004-10-15,55.049999
2004-10-18,54.650002
2004-10-19,55.349998
2004-10-20,55.099998
2004-10-21,54.450001
2004-10-22,53.650002
2004-10-25,52.500000
2004-10-26,53.099998
2004-10-27,53.950001
2004-10-28,54.299999
2004-10-29,53.700001
2004-11-01,54.250000
2004-11-02,54.750000
2004-11-03,55.299999
2004-11-04,55.250000
2004-11-05,55.750000
2004-11-08,55.599998
2004-11-09,55.700001
2004-11-10,56.049999
2004-11-11,56.299999
2004-11-12,56.700001
2004-11-15,56.400002
2004-11-16,56.000000
2004-11-17,56.650002
2004-11-18,56.700001
2004-11-19,56.299999
2004-11-22,55.450001
2004-11-23,54.900002
2004-11-24,54.250000
2004-11-25,54.299999
2004-11-26,53.849998
2004-11-29,54.000000
2004-11-30,53.500000
2004-12-01,54.299999
2004-12-02,54.299999
2004-12-03,53.500000
2004-12-06,53.000000
2004-12-07,54.099998
2004-12-08,54.250000
2004-12-09,53.400002
2004-12-10,53.549999
2004-12-13,54.200001
2004-12-14,54.599998
2004-12-15,54.099998
2004-12-16,54.299999
2004-12-17,53.700001
2004-12-20,53.250000
2004-12-21,55.000000
2004-12-22,56.099998
2004-12-23,56.099998
2004-12-24,56.049999
2004-12-27,55.750000
2004-12-28,55.950001
2004-12-29,56.400002
2004-12-30,56.150002
2004-12-31,56.349998
2005-01-03,56.599998
2005-01-04,56.299999
2005-01-05,55.450001
2005-01-06,55.650002
2005-01-07,56.049999
2005-01-10,55.700001
2005-01-11,55.000000
2005-01-12,54.000000
2005-01-13,54.500000
2005-01-14,54.799999
2005-01-17,55.400002
2005-01-18,54.849998
2005-01-19,55.250000
2005-01-20,54.299999
2005-01-21,54.099998
2005-01-24,53.549999
2005-01-25,54.049999
2005-01-26,53.900002
2005-01-27,53.750000
2005-01-28,53.349998
2005-01-31,53.299999
2005-02-01,54.450001
2005-02-02,55.000000
2005-02-03,54.599998
2005-02-04,54.400002
2005-02-07,54.750000
2005-02-08,55.500000
2005-02-09,55.000000
2005-02-10,55.299999
2005-02-11,56.150002
2005-02-14,56.150002
2005-02-15,56.450001
2005-02-16,56.200001
2005-02-17,55.849998
2005-02-18,57.200001
2005-02-21,56.799999
2005-02-22,56.400002
2005-02-23,55.700001
2005-02-24,55.650002
2005-02-25,55.900002
2005-02-28,55.950001
2005-03-01,56.299999
2005-03-02,56.450001
2005-03-03,56.200001
2005-03-04,57.599998
2005-03-07,57.900002
2005-03-08,57.900002
2005-03-09,57.200001
2005-03-10,57.000000
2005-03-11,57.099998
2005-03-14,57.500000
2005-03-15,57.400002
2005-03-16,56.599998
2005-03-17,56.849998
2005-03-18,57.250000
2005-03-21,56.849998
2005-03-22,56.700001
2005-03-23,56.400002
2005-03-24,56.849998
2005-03-25,56.849998
2005-03-28,56.849998
2005-03-29,57.200001
2005-03-30,57.000000
2005-03-31,57.700001
2005-04-01,57.450001
2005-04-04,56.599998
2005-04-05,57.000000
2005-04-06,57.799999
2005-04-07,58.000000
2005-04-08,58.450001
2005-04-11,58.450001
2005-04-12,58.049999
2005-04-13,58.450001
2005-04-14,57.849998
2005-04-15,56.400002
2005-04-18,54.849998
2005-04-19,55.250000
2005-04-20,55.000000
2005-04-21,55.700001
2005-04-22,55.750000
2005-04-25,55.950001
2005-04-26,55.750000
2005-04-27,54.900002
2005-04-28,54.349998
2005-04-29,54.500000
2005-05-02,55.000000
2005-05-03,55.049999
2005-05-04,55.150002
2005-05-05,55.799999
2005-05-06,55.750000
2005-05-09,55.950001
2005-05-10,55.599998
2005-05-11,55.950001
2005-05-12,57.049999
2005-05-13,57.400002
2005-05-16,57.700001
2005-05-17,57.349998
2005-05-18,57.650002
2005-05-19,58.099998
2005-05-20,58.099998
2005-05-23,58.000000
2005-05-24,58.349998
2005-05-25,57.950001
2005-05-26,58.400002
2005-05-27,58.200001
2005-05-30,58.099998
2005-05-31,58.000000
2005-06-01,60.599998
2005-06-02,61.000000
2005-06-03,61.200001
2005-06-06,61.150002
2005-06-07,61.799999
2005-06-08,61.299999
2005-06-09,61.599998
2005-06-10,62.150002
2005-06-13,62.700001
2005-06-14,63.000000
2005-06-15,62.250000
2005-06-16,62.849998
2005-06-17,63.000000
2005-06-20,63.000000
2005-06-21,63.700001
2005-06-22,63.950001
2005-06-23,64.449997
2005-06-24,63.500000
2005-06-27,62.750000
2005-06-28,63.349998
2005-06-29,64.099998
2005-06-30,63.900002
2005-07-01,64.900002
2005-07-04,65.000000
2005-07-05,64.949997
2005-07-06,65.150002
2005-07-07,63.500000
2005-07-08,64.250000
2005-07-11,64.949997
2005-07-12,64.650002
2005-07-13,65.199997
2005-07-14,65.849998
2005-07-15,66.300003
2005-07-18,65.949997
2005-07-19,67.300003
2005-07-20,67.199997
2005-07-21,68.050003
2005-07-22,68.199997
2005-07-25,68.699997
2005-07-26,69.000000
2005-07-27,69.199997
2005-07-28,69.099998
2005-07-29,68.550003
2005-08-01,68.400002
2005-08-02,68.449997
2005-08-03,68.150002
2005-08-04,67.199997
2005-08-05,66.050003
2005-08-08,66.599998
2005-08-09,66.750000
2005-08-10,67.800003
2005-08-11,66.849998
2005-08-12,66.000000
2005-08-15,65.500000
2005-08-16,65.750000
2005-08-17,65.199997
2005-08-18,65.250000
2005-08-19,65.699997
2005-08-22,66.349998
2005-08-23,66.050003
2005-08-24,65.949997
2005-08-25,64.949997
2005-08-26,64.650002
2005-08-29,64.650002
2005-08-30,64.599998
2005-08-31,65.500000
2005-09-01,65.750000
2005-09-02,65.500000
2005-09-05,65.650002
2005-09-06,66.400002
2005-09-07,67.099998
2005-09-08,67.099998
2005-09-09,67.400002
2005-09-12,67.750000
2005-09-13,67.349998
2005-09-14,67.449997
2005-09-15,68.500000
2005-09-16,68.699997
2005-09-19,68.599998
2005-09-20,68.300003
2005-09-21,67.199997
2005-09-22,66.449997
2005-09-23,67.099998
2005-09-26,68.599998
2005-09-27,68.199997
2005-09-28,68.949997
2005-09-29,68.199997
2005-09-30,68.599998
2005-10-03,68.800003
2005-10-04,69.400002
2005-10-05,68.500000
2005-10-06,67.400002
2005-10-07,66.400002
2005-10-10,68.050003
2005-10-11,68.699997
2005-10-12,68.449997
2005-10-13,67.300003
2005-10-14,68.349998
2005-10-17,68.750000
2005-10-18,68.250000
2005-10-19,66.800003
2005-10-20,66.599998
2005-10-21,66.150002
2005-10-24,67.050003
2005-10-25,67.150002
2005-10-26,67.000000
2005-10-27,66.250000
2005-10-28,65.650002
2005-10-31,67.550003
2005-11-01,66.550003
2005-11-02,66.250000
2005-11-03,67.199997
2005-11-04,66.849998
2005-11-07,67.699997
2005-11-08,68.349998
2005-11-09,68.250000
2005-11-10,68.699997
2005-11-11,69.699997
2005-11-14,70.650002
2005-11-15,71.000000
2005-11-16,70.599998
2005-11-17,71.199997
2005-11-18,71.800003
2005-11-21,71.949997
2005-11-22,71.849998
2005-11-23,72.449997
2005-11-24,72.099998
2005-11-25,72.650002
2005-11-28,72.699997
2005-11-29,72.900002
2005-11-30,72.800003
2005-12-01,74.199997
2005-12-02,73.750000
2005-12-05,73.949997
2005-12-06,75.500000
2005-12-07,74.599998
2005-12-08,75.150002
2005-12-09,74.699997
2005-12-12,75.000000
2005-12-13,75.000000
2005-12-14,74.300003
2005-12-15,74.750000
2005-12-16,75.050003
2005-12-19,74.900002
2005-12-20,74.500000
2005-12-21,75.599998
2005-12-22,75.650002
2005-12-23,75.250000
2005-12-26,75.250000
2005-12-27,75.949997
2005-12-28,76.349998
2005-12-29,76.349998
2005-12-30,75.050003
2006-01-02,76.000000
2006-01-03,76.199997
2006-01-04,77.250000
2006-01-05,77.099998
2006-01-06,77.099998
2006-01-09,77.150002
2006-01-10,76.699997
2006-01-11,77.300003
2006-01-12,77.949997
2006-01-13,77.050003
2006-01-16,77.449997
2006-01-17,75.900002
2006-01-18,75.500000
2006-01-19,76.699997
2006-01-20,74.750000
2006-01-23,74.050003
2006-01-24,73.199997
2006-01-25,73.099998
2006-01-26,74.449997
2006-01-27,75.250000
2006-01-30,74.099998
2006-01-31,74.250000
2006-02-01,75.500000
2006-02-02,75.199997
2006-02-03,75.349998
2006-02-06,75.250000
2006-02-07,74.500000
2006-02-08,74.400002
2006-02-09,75.500000
2006-02-10,75.300003
2006-02-13,75.400002
2006-02-14,75.050003
2006-02-15,75.150002
2006-02-16,75.150002
2006-02-17,74.900002
2006-02-20,74.099998
2006-02-21,75.050003
2006-02-22,76.699997
2006-02-23,77.199997
2006-02-24,76.849998
2006-02-27,77.199997
2006-02-28,76.250000
2006-03-01,76.550003
2006-03-02,79.349998
2006-03-03,80.599998
2006-03-06,80.199997
2006-03-07,79.550003
2006-03-08,78.349998
2006-03-09,79.250000
2006-03-10,80.400002
2006-03-13,81.150002
2006-03-14,81.000000
2006-03-15,80.800003
2006-03-16,81.150002
2006-03-17,81.300003
2006-03-20,81.449997
2006-03-21,81.050003
2006-03-22,81.050003
2006-03-23,80.900002
2006-03-24,81.099998
2006-03-27,80.599998
2006-03-28,80.550003
2006-03-29,80.849998
2006-03-30,81.300003
2006-03-31,80.900002
2006-04-03,81.550003
2006-04-04,81.250000
2006-04-05,81.500000
2006-04-06,80.699997
2006-04-07,79.900002
2006-04-10,80.050003
2006-04-11,78.800003
2006-04-12,79.050003
2006-04-13,78.949997
2006-04-18,79.500000
2006-04-19,81.849998
2006-04-20,83.599998
2006-04-21,84.400002
2006-04-24,84.400002
2006-04-25,84.900002
2006-04-26,85.300003
2006-04-27,84.750000
2006-04-28,83.449997
2006-05-02,84.349998
2006-05-03,83.550003
2006-05-04,83.849998
2006-05-05,84.900002
2006-05-08,85.550003
2006-05-09,84.849998
2006-05-10,83.699997
2006-05-11,84.050003
2006-05-12,82.050003
2006-05-15,79.849998
2006-05-16,78.949997
2006-05-17,75.650002
2006-05-18,77.150002
2006-05-19,78.400002
2006-05-22,74.800003
2006-05-23,77.449997
2006-05-24,74.599998
2006-05-25,76.400002
2006-05-26,78.599998
2006-05-29,78.199997
2006-05-30,76.250000
2006-05-31,76.699997
2006-06-01,76.500000
2006-06-02,77.500000
2006-06-05,76.199997
2006-06-06,73.900002
2006-06-07,74.199997
2006-06-08,71.349998
2006-06-09,73.400002
2006-06-12,71.750000
2006-06-13,69.599998
2006-06-14,70.500000
2006-06-15,74.150002
2006-06-16,72.500000
2006-06-19,73.349998
2006-06-20,74.150002
2006-06-21,74.349998
2006-06-22,73.849998
2006-06-23,74.099998
2006-06-26,74.199997
2006-06-27,74.099998
2006-06-28,74.050003
2006-06-29,75.300003
2006-06-30,77.599998
2006-07-03,77.849998
2006-07-04,77.550003
2006-07-05,76.099998
2006-07-06,76.800003
2006-07-07,76.300003
2006-07-10,77.400002
2006-07-11,75.900002
2006-07-12,76.250000
2006-07-13,74.750000
2006-07-14,72.099998
2006-07-17,71.349998
2006-07-18,71.599998
2006-07-19,74.050003
2006-07-20,74.150002
2006-07-21,73.449997
2006-07-24,75.349998
2006-07-25,76.699997
2006-07-26,77.550003
2006-07-27,78.750000
2006-07-28,78.949997
2006-07-31,78.650002
2006-08-01,77.550003
2006-08-02,78.849998
2006-08-03,78.250000
2006-08-04,79.050003
2006-08-07,76.949997
2006-08-08,77.000000
2006-08-09,77.000000
2006-08-10,75.199997
2006-08-11,74.750000
2006-08-14,74.750000
2006-08-15,75.900002
2006-08-16,76.599998
2006-08-17,77.800003
2006-08-18,78.300003
2006-08-21,77.550003
2006-08-22,78.250000
2006-08-23,77.449997
2006-08-24,77.349998
2006-08-25,77.949997
2006-08-28,78.349998
2006-08-29,79.199997
2006-08-30,80.699997
2006-08-31,80.349998
2006-09-01,80.150002
2006-09-04,81.300003
2006-09-05,80.900002
2006-09-06,80.400002
2006-09-07,77.750000
2006-09-08,77.900002
2006-09-11,77.800003
2006-09-12,78.550003
2006-09-13,78.949997
2006-09-14,78.699997
2006-09-15,78.650002
2006-09-18,78.949997
2006-09-19,78.400002
2006-09-20,79.449997
2006-09-21,80.250000
2006-09-22,79.550003
2006-09-25,78.800003
2006-09-26,80.150002
2006-09-27,81.000000
2006-09-28,80.800003
2006-09-29,81.250000
2006-10-02,80.650002
2006-10-03,80.750000
2006-10-04,80.300003
2006-10-05,81.750000
2006-10-06,81.800003
2006-10-09,80.849998
2006-10-10,81.250000
2006-10-11,82.000000
2006-10-12,82.300003
2006-10-13,82.900002
2006-10-16,82.650002
2006-10-17,80.650002
2006-10-18,81.550003
2006-10-19,81.849998
2006-10-20,81.650002
2006-10-23,82.250000
2006-10-24,81.949997
2006-10-25,83.000000
2006-10-26,82.849998
2006-10-27,82.250000
2006-10-30,81.500000
2006-10-31,81.650002
2006-11-01,81.500000
2006-11-02,79.699997
2006-11-03,80.150002
2006-11-06,81.000000
2006-11-07,82.900002
2006-11-08,82.000000
2006-11-09,81.849998
2006-11-10,81.300003
2006-11-13,82.949997
2006-11-14,83.099998
2006-11-15,83.650002
2006-11-16,83.750000
2006-11-17,83.900002
2006-11-20,84.050003
2006-11-21,84.349998
2006-11-22,83.849998
2006-11-23,83.099998
2006-11-24,81.900002
2006-11-27,79.550003
2006-11-28,79.500000
2006-11-29,80.250000
2006-11-30,78.300003
2006-12-01,76.150002
2006-12-04,76.699997
2006-12-05,77.550003
2006-12-06,77.199997
2006-12-07,77.300003
2006-12-08,77.250000
2006-12-11,78.400002
2006-12-12,78.250000
2006-12-13,79.199997
2006-12-14,79.550003
2006-12-15,80.199997
2006-12-18,79.800003
2006-12-19,79.199997
2006-12-20,80.099998
2006-12-21,79.250000
2006-12-22,78.150002
2006-12-27,80.349998
2006-12-28,80.000000
2006-12-29,79.949997
2007-01-02,80.650002
2007-01-03,79.400002
2007-01-04,79.449997
2007-01-05,78.599998
2007-01-08,78.449997
2007-01-09,77.800003
2007-01-10,78.550003
2007-01-11,79.599998
2007-01-12,78.800003
2007-01-15,78.949997
2007-01-16,77.650002
2007-01-17,78.550003
2007-01-18,78.849998
2007-01-19,79.099998
2007-01-22,78.550003
2007-01-23,77.900002
2007-01-24,78.099998
2007-01-25,78.550003
2007-01-26,77.900002
2007-01-29,79.099998
2007-01-30,81.500000
2007-01-31,80.900002
2007-02-01,81.150002
2007-02-02,81.150002
2007-02-05,80.650002
2007-02-06,80.750000
2007-02-07,81.300003
2007-02-08,81.699997
2007-02-09,82.800003
2007-02-12,81.800003
2007-02-13,82.000000
2007-02-14,82.849998
2007-02-15,87.699997
2007-02-16,87.250000
2007-02-19,87.849998
2007-02-20,86.959999
2007-02-21,86.949997
2007-02-22,87.750000
2007-02-23,88.199997
2007-02-26,88.000000
2007-02-27,84.620003
2007-02-28,83.730003
2007-03-01,83.250000
2007-03-02,82.809998
2007-03-05,82.360001
2007-03-06,82.720001
2007-03-07,83.000000
2007-03-08,83.410004
2007-03-09,83.959999
2007-03-12,83.260002
2007-03-13,82.250000
2007-03-14,80.120003
2007-03-15,80.779999
2007-03-16,80.809998
2007-03-19,82.029999
2007-03-20,82.400002
2007-03-21,82.599998
2007-03-22,83.760002
2007-03-23,83.279999
2007-03-26,82.529999
2007-03-27,83.059998
2007-03-28,82.129997
2007-03-29,83.059998
2007-03-30,83.050003
2007-04-02,83.120003
2007-04-03,84.279999
2007-04-04,84.320000
2007-04-05,85.000000
2007-04-10,85.139999
2007-04-11,85.050003
2007-04-12,85.199997
2007-04-13,85.760002
2007-04-16,86.360001
2007-04-17,86.010002
2007-04-18,85.000000
2007-04-19,84.800003
2007-04-20,85.769997
2007-04-23,85.690002
2007-04-24,85.129997
2007-04-25,86.709999
2007-04-26,86.669998
2007-04-27,85.720001
2007-04-30,85.970001
2007-05-02,86.959999
2007-05-03,86.680000
2007-05-04,87.750000
2007-05-07,87.919998
2007-05-08,86.750000
2007-05-09,86.669998
2007-05-10,85.620003
2007-05-11,86.059998
2007-05-14,85.690002
2007-05-15,85.190002
2007-05-16,85.830002
2007-05-17,85.430000
2007-05-18,86.349998
2007-05-21,86.529999
2007-05-22,86.449997
2007-05-23,87.019997
2007-05-24,86.400002
2007-05-25,86.610001
2007-05-28,87.139999
2007-05-29,87.500000
2007-05-30,86.300003
2007-05-31,87.720001
2007-06-01,86.849998
2007-06-04,86.489998
2007-06-05,85.089996
2007-06-06,85.000000
2007-06-07,84.080002
2007-06-08,84.050003
2007-06-11,84.629997
2007-06-12,84.389999
2007-06-13,84.250000
2007-06-14,86.300003
2007-06-15,86.980003
2007-06-18,86.040001
2007-06-19,85.010002
2007-06-20,85.379997
2007-06-21,85.480003
2007-06-22,84.839996
2007-06-25,84.790001
2007-06-26,83.739998
2007-06-27,83.529999
2007-06-28,84.580002
2007-06-29,85.540001
2007-07-02,84.589996
2007-07-03,84.889999
2007-07-04,85.019997
2007-07-05,84.739998
2007-07-06,84.870003
2007-07-09,85.000000
2007-07-10,83.800003
2007-07-11,83.250000
2007-07-12,84.000000
2007-07-13,84.370003
2007-07-16,84.410004
2007-07-17,83.989998
2007-07-18,82.699997
2007-07-19,83.430000
2007-07-20,82.120003
2007-07-23,82.900002
2007-07-24,82.540001
2007-07-25,82.080002
2007-07-26,80.250000
2007-07-27,81.010002
2007-07-30,80.709999
2007-07-31,82.760002
2007-08-01,81.320000
2007-08-02,81.110001
2007-08-03,80.209999
2007-08-06,79.349998
2007-08-07,81.230003
2007-08-08,83.500000
2007-08-09,82.830002
2007-08-10,81.199997
2007-08-13,82.199997
2007-08-14,80.800003
2007-08-15,79.989998
2007-08-16,77.489998
2007-08-17,78.900002
2007-08-20,79.529999
2007-08-21,79.849998
2007-08-22,80.620003
2007-08-23,80.410004
2007-08-24,80.709999
2007-08-27,81.230003
2007-08-28,79.599998
2007-08-29,78.989998
2007-08-30,80.769997
2007-08-31,81.989998
2007-09-03,81.330002
2007-09-04,81.629997
2007-09-05,79.750000
2007-09-06,80.870003
2007-09-07,78.989998
2007-09-10,78.330002
2007-09-11,79.180000
2007-09-12,79.889999
2007-09-13,80.199997
2007-09-14,80.190002
2007-09-17,78.919998
2007-09-18,80.500000
2007-09-19,82.290001
2007-09-20,81.660004
2007-09-21,82.820000
2007-09-24,82.690002
2007-09-25,82.550003
2007-09-26,83.000000
2007-09-27,83.370003
2007-09-28,84.070000
2007-10-01,85.120003
2007-10-02,85.550003
2007-10-03,85.489998
2007-10-04,85.919998
2007-10-05,85.989998
2007-10-08,86.099998
2007-10-09,86.209999
2007-10-10,85.650002
2007-10-11,85.970001
2007-10-12,85.500000
2007-10-15,87.680000
2007-10-16,86.480003
2007-10-17,88.150002
2007-10-18,87.070000
2007-10-19,87.820000
2007-10-22,86.629997
2007-10-23,86.070000
2007-10-24,86.029999
2007-10-25,87.809998
2007-10-26,88.230003
2007-10-29,88.930000
2007-10-30,88.120003
2007-10-31,88.879997
2007-11-01,87.720001
2007-11-02,86.129997
2007-11-05,85.900002
2007-11-06,86.070000
2007-11-07,84.400002
2007-11-08,83.459999
2007-11-09,81.769997
2007-11-12,80.820000
2007-11-13,81.500000
2007-11-14,82.820000
2007-11-15,81.949997
2007-11-16,80.769997
2007-11-19,79.330002
2007-11-20,79.690002
2007-11-21,78.000000
2007-11-22,78.970001
2007-11-23,80.279999
2007-11-26,80.449997
2007-11-27,79.739998
2007-11-28,82.400002
2007-11-29,82.610001
2007-11-30,82.940002
2007-12-03,82.379997
2007-12-04,81.709999
2007-12-05,82.599998
2007-12-06,83.389999
2007-12-07,84.339996
2007-12-10,84.550003
2007-12-11,84.370003
2007-12-12,84.699997
2007-12-13,82.400002
2007-12-14,82.889999
2007-12-17,81.800003
2007-12-18,80.959999
2007-12-19,81.099998
2007-12-20,81.150002
2007-12-21,82.000000
2007-12-24,82.379997
2007-12-27,82.589996
2007-12-28,82.870003
2007-12-31,82.680000
2008-01-02,82.099998
2008-01-03,81.540001
2008-01-04,79.110001
2008-01-07,79.089996
2008-01-08,79.139999
2008-01-09,76.160004
2008-01-10,75.169998
2008-01-11,73.169998
2008-01-14,73.570000
2008-01-15,70.800003
2008-01-16,70.989998
2008-01-17,69.930000
2008-01-18,70.110001
2008-01-21,65.410004
2008-01-22,67.489998
2008-01-23,64.519997
2008-01-24,70.309998
2008-01-25,69.779999
2008-01-28,68.769997
2008-01-29,70.110001
2008-01-30,69.419998
2008-01-31,68.529999
2008-02-01,71.169998
2008-02-04,71.250000
2008-02-05,68.980003
2008-02-06,69.709999
2008-02-07,68.949997
2008-02-08,68.910004
2008-02-11,68.000000
2008-02-12,70.550003
2008-02-13,70.330002
2008-02-14,70.500000
2008-02-15,69.000000
2008-02-18,70.120003
2008-02-19,70.470001
2008-02-20,69.510002
2008-02-21,70.760002
2008-02-22,70.349998
2008-02-25,71.860001
2008-02-26,72.889999
2008-02-27,71.769997
2008-02-28,69.870003
2008-02-29,68.230003
2008-03-03,67.870003
2008-03-04,67.379997
2008-03-05,67.959999
2008-03-06,67.040001
2008-03-07,66.120003
2008-03-10,66.089996
2008-03-11,66.110001
2008-03-12,68.250000
2008-03-13,66.400002
2008-03-14,66.209999
2008-03-17,64.150002
2008-03-18,65.040001
2008-03-19,64.669998
2008-03-20,65.120003
2008-03-25,69.339996
2008-03-26,69.699997
2008-03-27,69.879997
2008-03-28,69.489998
2008-03-31,70.500000
2008-04-01,73.230003
2008-04-02,73.589996
2008-04-03,71.709999
2008-04-04,71.449997
2008-04-07,71.150002
2008-04-08,70.750000
2008-04-09,69.650002
2008-04-10,68.160004
2008-04-11,66.629997
2008-04-14,65.860001
2008-04-15,66.650002
2008-04-16,69.330002
2008-04-17,68.809998
2008-04-18,70.610001
2008-04-21,70.269997
2008-04-22,69.529999
2008-04-23,70.529999
2008-04-24,70.790001
2008-04-25,72.440002
2008-04-28,72.080002
2008-04-29,71.949997
2008-04-30,73.419998
2008-05-02,74.830002
2008-05-05,74.809998
2008-05-06,74.900002
2008-05-07,74.949997
2008-05-08,74.300003
2008-05-09,73.500000
2008-05-12,73.849998
2008-05-13,73.989998
2008-05-14,75.010002
2008-05-15,76.849998
2008-05-16,76.419998
2008-05-19,76.959999
2008-05-20,74.300003
2008-05-21,73.529999
2008-05-22,73.599998
2008-05-23,72.199997
2008-05-26,72.500000
2008-05-27,72.510002
2008-05-28,74.040001
2008-05-29,74.480003
2008-05-30,75.209999
2008-06-02,74.370003
2008-06-03,74.750000
2008-06-04,74.529999
2008-06-05,74.660004
2008-06-06,72.790001
2008-06-09,72.120003
2008-06-10,71.589996
2008-06-11,70.470001
2008-06-12,71.580002
2008-06-13,72.300003
2008-06-16,71.660004
2008-06-17,72.370003
2008-06-18,71.570000
2008-06-19,70.360001
2008-06-20,68.400002
2008-06-23,68.120003
2008-06-24,66.790001
2008-06-25,67.949997
2008-06-26,66.129997
2008-06-27,66.050003
2008-06-30,66.580002
2008-07-01,66.139999
2008-07-02,65.769997
2008-07-03,66.820000
2008-07-04,63.299999
2008-07-07,64.230003
2008-07-08,63.869999
2008-07-09,64.449997
2008-07-10,62.270000
2008-07-11,60.799999
2008-07-14,61.900002
2008-07-15,60.349998
2008-07-16,62.910000
2008-07-17,64.690002
2008-07-18,66.750000
2008-07-21,67.570000
2008-07-22,67.110001
2008-07-23,68.250000
2008-07-24,70.050003
2008-07-25,69.900002
2008-07-28,68.309998
2008-07-29,68.029999
2008-07-30,71.440002
2008-07-31,70.949997
2008-08-01,69.639999
2008-08-04,69.290001
2008-08-05,71.300003
2008-08-06,71.919998
2008-08-07,71.220001
2008-08-08,72.650002
2008-08-11,74.519997
2008-08-12,73.970001
2008-08-13,72.139999
2008-08-14,70.970001
2008-08-15,72.389999
2008-08-18,72.919998
2008-08-19,70.180000
2008-08-20,70.550003
2008-08-21,69.050003
2008-08-22,71.080002
2008-08-25,69.989998
2008-08-26,70.669998
2008-08-27,70.750000
2008-08-28,72.959999
2008-08-29,72.720001
2008-09-01,73.074997
2008-09-02,75.510002
2008-09-03,73.209999
2008-09-04,71.300003
2008-09-05,69.440002
2008-09-08,71.000000
2008-09-09,71.714996
2008-09-10,69.529999
2008-09-11,67.334999
2008-09-12,68.440002
2008-09-15,66.529999
2008-09-16,66.605003
2008-09-17,65.239998
2008-09-18,64.400002
2008-09-19,68.139999
2008-09-22,68.099998
2008-09-23,65.195000
2008-09-24,63.805000
2008-09-25,65.000000
2008-09-26,63.509998
2008-09-29,61.365002
2008-09-30,61.750000
2008-10-01,62.500000
2008-10-02,60.365002
2008-10-03,60.415001
2008-10-06,54.349998
2008-10-07,55.334999
2008-10-08,52.009998
2008-10-09,51.285000
2008-10-10,51.529999
2008-10-13,58.180000
2008-10-14,57.424999
2008-10-15,53.139999
2008-10-16,51.590000
2008-10-17,54.634998
2008-10-20,56.830002
2008-10-21,55.564999
2008-10-22,51.845001
2008-10-23,50.459999
2008-10-24,48.380001
2008-10-27,46.799999
2008-10-28,48.375000
2008-10-29,50.099998
2008-10-30,51.689999
2008-10-31,51.865002
2008-11-03,53.095001
2008-11-04,56.865002
2008-11-05,54.325001
2008-11-06,49.639999
2008-11-07,49.794998
2008-11-10,49.305000
2008-11-11,43.759998
2008-11-12,43.740002
2008-11-13,42.730000
2008-11-14,41.334999
2008-11-17,40.889999
2008-11-18,40.865002
2008-11-19,39.384998
2008-11-20,39.490002
2008-11-21,39.195000
2008-11-24,44.060001
2008-11-25,45.705002
2008-11-26,43.095001
2008-11-27,44.825001
2008-11-28,44.580002
2008-12-01,43.314999
2008-12-02,42.619999
2008-12-03,44.220001
2008-12-04,43.570000
2008-12-05,41.459999
2008-12-08,45.799999
2008-12-09,48.810001
2008-12-10,48.240002
2008-12-11,48.799999
2008-12-12,46.660000
2008-12-15,46.860001
2008-12-16,47.654999
2008-12-17,46.900002
2008-12-18,47.419998
2008-12-19,47.020000
2008-12-22,45.320000
2008-12-23,44.715000
2008-12-24,46.000000
2008-12-29,45.970001
2008-12-30,46.785000
2008-12-31,47.770000
2009-01-02,48.400002
2009-01-05,48.860001
2009-01-06,49.450001
2009-01-07,48.834999
2009-01-08,47.119999
2009-01-09,45.994999
2009-01-12,45.455002
2009-01-13,45.730000
2009-01-14,40.915001
2009-01-15,41.000000
2009-01-16,40.755001
2009-01-19,40.000000
2009-01-20,40.740002
2009-01-21,41.509998
2009-01-22,41.919998
2009-01-23,41.064999
2009-01-26,43.935001
2009-01-27,43.349998
2009-01-28,45.605000
2009-01-29,42.880001
2009-01-30,42.805000
2009-02-02,42.000000
2009-02-03,42.330002
2009-02-04,45.070000
2009-02-05,44.400002
2009-02-06,50.020000
2009-02-09,49.980000
2009-02-10,47.389999
2009-02-11,48.820000
2009-02-12,48.145000
2009-02-13,48.584999
2009-02-16,47.830002
2009-02-17,47.389999
2009-02-18,46.849998
2009-02-19,47.294998
2009-02-20,45.759998
2009-02-23,45.244999
2009-02-24,45.900002
2009-02-25,46.250000
2009-02-26,46.455002
2009-02-27,45.380001
2009-03-02,43.404999
2009-03-03,44.000000
2009-03-04,47.240002
2009-03-05,45.755001
2009-03-06,44.720001
2009-03-09,43.205002
2009-03-10,46.080002
2009-03-11,48.220001
2009-03-12,49.299999
2009-03-13,48.389999
2009-03-16,48.950001
2009-03-17,47.689999
2009-03-18,49.345001
2009-03-19,48.970001
2009-03-20,49.014999
2009-03-23,48.805000
2009-03-24,49.060001
2009-03-25,48.865002
2009-03-26,47.880001
2009-03-27,46.810001
2009-03-30,45.340000
2009-03-31,47.290001
2009-04-01,48.305000
2009-04-02,51.290001
2009-04-03,51.849998
2009-04-06,51.384998
2009-04-07,50.480000
2009-04-08,50.380001
2009-04-09,51.950001
2009-04-14,52.759998
2009-04-15,52.369999
2009-04-16,53.064999
2009-04-17,53.349998
2009-04-20,52.450001
2009-04-21,55.000000
2009-04-22,53.000000
2009-04-23,54.349998
2009-04-24,57.904999
2009-04-27,57.180000
2009-04-28,55.509998
2009-04-29,57.264999
2009-04-30,57.389999
2009-05-04,58.955002
2009-05-05,58.275002
2009-05-06,59.169998
2009-05-07,58.535000
2009-05-08,60.365002
2009-05-11,59.000000
2009-05-12,59.020000
2009-05-13,57.279999
2009-05-14,57.380001
2009-05-15,58.020000
2009-05-18,60.035000
2009-05-19,61.130001
2009-05-20,60.070000
2009-05-21,58.369999
2009-05-22,58.650002
2009-05-25,58.299999
2009-05-26,58.955002
2009-05-27,59.500000
2009-05-28,58.575001
2009-05-29,58.529999
2009-06-01,60.029999
2009-06-02,61.345001
2009-06-03,61.044998
2009-06-04,59.630001
2009-06-05,59.000000
2009-06-08,58.209999
2009-06-09,58.419998
2009-06-10,59.230000
2009-06-11,59.700001
2009-06-12,59.439999
2009-06-15,57.549999
2009-06-16,57.630001
2009-06-17,56.305000
2009-06-18,55.825001
2009-06-19,56.590000
2009-06-22,54.724998
2009-06-23,55.075001
2009-06-24,55.860001
2009-06-25,55.064999
2009-06-26,54.154999
2009-06-29,55.599998
2009-06-30,54.400002
2009-07-01,56.020000
2009-07-02,54.610001
2009-07-03,54.900002
2009-07-06,55.125000
2009-07-07,54.220001
2009-07-08,52.970001
2009-07-09,53.505001
2009-07-10,53.480000
2009-07-13,54.669998
2009-07-14,54.799999
2009-07-15,56.945000
2009-07-16,57.400002
2009-07-17,57.730000
2009-07-20,58.849998
2009-07-21,59.759998
2009-07-22,60.230000
2009-07-23,61.849998
2009-07-24,62.540001
2009-07-27,61.299999
2009-07-28,61.110001
2009-07-29,62.240002
2009-07-30,64.000000
2009-07-31,63.290001
2009-08-03,64.089996
2009-08-04,63.110001
2009-08-05,62.299999
2009-08-06,63.639999
2009-08-07,63.700001
2009-08-10,62.790001
2009-08-11,62.200001
2009-08-12,63.020000
2009-08-13,63.500000
2009-08-14,65.620003
2009-08-17,63.230000
2009-08-18,63.660000
2009-08-19,63.189999
2009-08-20,64.309998
2009-08-21,65.470001
2009-08-24,65.349998
2009-08-25,66.250000
2009-08-26,68.059998
2009-08-27,66.750000
2009-08-28,67.379997
2009-08-31,66.690002
2009-09-01,65.660004
2009-09-02,65.160004
2009-09-03,64.430000
2009-09-04,65.059998
2009-09-07,66.669998
2009-09-08,67.599998
2009-09-09,69.570000
2009-09-10,69.169998
2009-09-11,69.400002
2009-09-14,69.099998
2009-09-15,68.599998
2009-09-16,69.199997
2009-09-17,69.739998
2009-09-18,68.500000
2009-09-21,68.870003
2009-09-22,68.889999
2009-09-23,67.779999
2009-09-24,67.790001
2009-09-25,68.099998
2009-09-28,69.260002
2009-09-29,69.110001
2009-09-30,68.730003
2009-10-01,68.010002
2009-10-02,66.099998
2009-10-05,66.639999
2009-10-06,68.510002
2009-10-07,69.589996
2009-10-08,72.330002
2009-10-09,72.449997
2009-10-12,72.940002
2009-10-13,71.519997
2009-10-14,72.699997
2009-10-15,73.360001
2009-10-16,72.449997
2009-10-19,74.900002
2009-10-20,73.489998
2009-10-21,73.440002
2009-10-22,72.750000
2009-10-23,72.000000
2009-10-26,71.040001
2009-10-27,70.949997
2009-10-28,69.500000
2009-10-29,71.000000
2009-10-30,70.650002
2009-11-02,70.150002
2009-11-03,69.000000
2009-11-04,70.169998
2009-11-05,71.320000
2009-11-06,73.029999
2009-11-09,74.900002
2009-11-10,75.129997
2009-11-11,75.220001
2009-11-12,74.750000
2009-11-13,75.199997
2009-11-16,76.199997
2009-11-17,74.290001
2009-11-18,73.739998
2009-11-19,72.760002
2009-11-20,71.660004
2009-11-23,73.839996
2009-11-24,73.339996
2009-11-25,73.800003
2009-11-26,70.480003
2009-11-27,70.919998
2009-11-30,69.360001
2009-12-01,71.269997
2009-12-02,73.300003
2009-12-03,72.320000
2009-12-04,74.300003
2009-12-07,74.540001
2009-12-08,73.230003
2009-12-09,72.250000
2009-12-10,72.269997
2009-12-11,73.620003
2009-12-14,74.459999
2009-12-15,75.849998
2009-12-16,77.000000
2009-12-17,75.730003
2009-12-18,75.160004
2009-12-21,77.400002
2009-12-22,78.349998
2009-12-23,77.459999
2009-12-24,77.900002
2009-12-28,77.910004
2009-12-29,79.059998
2009-12-30,78.279999
2009-12-31,78.379997
2010-01-04,78.699997
2010-01-05,78.330002
2010-01-06,79.089996
2010-01-07,79.989998
2010-01-08,81.070000
2010-01-11,81.699997
2010-01-12,79.349998
2010-01-13,79.949997
2010-01-14,80.059998
2010-01-15,79.410004
2010-01-18,80.809998
2010-01-19,82.099998
2010-01-20,79.889999
2010-01-21,78.440002
2010-01-22,77.769997
2010-01-25,77.800003
2010-01-26,79.440002
2010-01-27,79.059998
2010-01-28,78.110001
2010-01-29,79.070000
2010-02-01,79.330002
2010-02-02,81.099998
2010-02-03,81.449997
2010-02-04,77.959999
2010-02-05,74.870003
2010-02-08,76.230003
2010-02-09,77.050003
2010-02-10,77.820000
2010-02-11,77.580002
2010-02-12,76.419998
2010-02-15,77.279999
2010-02-16,77.500000
2010-02-17,78.690002
2010-02-18,79.599998
2010-02-19,79.550003
2010-02-22,80.080002
2010-02-23,79.000000
2010-02-24,78.699997
2010-02-25,76.760002
2010-02-26,79.599998
2010-03-01,81.739998
2010-03-02,83.120003
2010-03-03,84.430000
2010-03-04,84.010002
2010-03-05,86.970001
2010-03-08,85.900002
2010-03-09,85.690002
2010-03-10,86.419998
2010-03-11,85.760002
2010-03-12,86.410004
2010-03-15,85.680000
2010-03-16,86.739998
2010-03-17,86.000000
2010-03-18,87.180000
2010-03-19,86.620003
2010-03-22,86.809998
2010-03-23,87.540001
2010-03-24,87.110001
2010-03-25,87.510002
2010-03-26,87.199997
2010-03-29,87.599998
2010-03-30,86.889999
2010-03-31,86.540001
2010-04-01,88.599998
2010-04-06,88.339996
2010-04-07,86.480003
2010-04-08,84.949997
2010-04-09,88.389999
2010-04-12,88.750000
2010-04-13,90.050003
2010-04-14,90.389999
2010-04-15,90.519997
2010-04-16,87.529999
2010-04-19,86.720001
2010-04-20,88.169998
2010-04-21,87.599998
2010-04-22,87.169998
2010-04-23,88.970001
2010-04-26,90.370003
2010-04-27,86.300003
2010-04-28,85.080002
2010-04-29,86.930000
2010-04-30,86.839996
2010-05-03,87.279999
2010-05-04,84.209999
2010-05-05,84.010002
2010-05-06,83.660004
2010-05-07,79.510002
2010-05-10,87.529999
2010-05-11,88.230003
2010-05-12,91.169998
2010-05-13,91.650002
2010-05-14,88.059998
2010-05-17,87.089996
2010-05-18,88.889999
2010-05-19,86.160004
2010-05-20,83.410004
2010-05-21,83.739998
2010-05-24,82.849998
2010-05-25,81.239998
2010-05-26,84.080002
2010-05-27,86.870003
2010-05-28,85.919998
2010-05-31,86.220001
2010-06-01,86.720001
2010-06-02,87.379997
2010-06-03,89.089996
2010-06-04,87.269997
2010-06-07,86.739998
2010-06-08,86.900002
2010-06-09,90.199997
2010-06-10,91.320000
2010-06-11,91.910004
2010-06-14,92.080002
2010-06-15,91.419998
2010-06-16,92.120003
2010-06-17,93.250000
2010-06-18,93.389999
2010-06-21,96.580002
2010-06-22,95.300003
2010-06-23,94.279999
2010-06-24,92.040001
2010-06-25,90.790001
2010-06-28,93.269997
2010-06-29,89.239998
2010-06-30,89.809998
2010-07-01,85.199997
2010-07-02,84.919998
2010-07-05,85.040001
2010-07-06,87.720001
2010-07-07,87.209999
2010-07-08,89.070000
2010-07-09,89.900002
2010-07-12,89.379997
2010-07-13,91.519997
2010-07-14,91.300003
2010-07-15,90.949997
2010-07-16,89.480003
2010-07-19,88.300003
2010-07-20,88.860001
2010-07-21,90.059998
2010-07-22,93.250000
2010-07-23,94.099998
2010-07-26,95.029999
2010-07-27,92.260002
2010-07-28,92.650002
2010-07-29,92.050003
2010-07-30,93.620003
2010-08-02,95.309998
2010-08-03,94.860001
2010-08-04,95.169998
2010-08-05,96.510002
2010-08-06,95.629997
2010-08-09,97.400002
2010-08-10,96.279999
2010-08-11,93.180000
2010-08-12,92.930000
2010-08-13,93.639999
2010-08-16,93.559998
2010-08-17,94.669998
2010-08-18,95.089996
2010-08-19,93.599998
2010-08-20,92.269997
2010-08-23,93.040001
2010-08-24,91.720001
2010-08-25,90.290001
2010-08-26,91.989998
2010-08-27,91.669998
2010-08-30,91.599998
2010-08-31,91.769997
2010-09-01,95.800003
2010-09-02,96.470001
2010-09-03,98.309998
2010-09-06,97.470001
2010-09-07,97.050003
2010-09-08,98.419998
2010-09-09,98.279999
2010-09-10,98.889999
2010-09-13,99.910004
2010-09-14,101.300003
2010-09-15,101.150002
2010-09-16,101.099998
2010-09-17,100.849998
2010-09-20,104.300003
2010-09-21,104.949997
2010-09-22,102.550003
2010-09-23,102.099998
2010-09-24,105.800003
2010-09-27,104.099998
2010-09-28,106.500000
2010-09-29,106.800003
2010-09-30,107.599998
2010-10-01,105.150002
2010-10-04,105.800003
2010-10-05,107.900002
2010-10-06,109.750000
2010-10-07,110.000000
2010-10-08,109.699997
2010-10-11,110.400002
2010-10-12,109.750000
2010-10-13,110.849998
2010-10-14,111.449997
2010-10-15,111.900002
2010-10-18,111.500000
2010-10-19,108.849998
2010-10-20,108.900002
2010-10-21,114.250000
2010-10-22,113.300003
2010-10-25,116.000000
2010-10-26,112.349998
2010-10-27,111.949997
2010-10-28,112.349998
2010-10-29,112.599998
2010-11-01,113.349998
2010-11-02,114.699997
2010-11-03,116.000000
2010-11-04,119.199997
2010-11-05,119.099998
2010-11-08,118.750000
2010-11-09,117.699997
2010-11-10,116.800003
2010-11-11,117.849998
2010-11-12,116.099998
2010-11-15,116.849998
2010-11-16,115.000000
2010-11-17,115.150002
2010-11-18,118.000000
2010-11-19,119.400002
2010-11-22,119.800003
2010-11-23,116.800003
2010-11-24,118.949997
2010-11-25,120.849998
2010-11-26,119.849998
2010-11-29,117.050003
2010-11-30,116.849998
2010-12-01,118.500000
2010-12-02,122.199997
2010-12-03,121.699997
2010-12-06,121.449997
2010-12-07,124.099998
2010-12-08,122.000000
2010-12-09,120.699997
2010-12-10,121.500000
2010-12-13,123.199997
2010-12-14,123.750000
2010-12-15,121.500000
2010-12-16,123.550003
2010-12-17,123.199997
2010-12-20,123.400002
2010-12-21,125.449997
2010-12-22,127.699997
2010-12-23,127.349998
2010-12-27,125.650002
2010-12-28,124.650002
2010-12-29,125.449997
2010-12-30,123.349998
2011-01-03,124.349998
2011-01-04,121.550003
2011-01-05,119.800003
2011-01-06,121.900002
2011-01-07,119.349998
2011-01-10,118.949997
2011-01-11,121.250000
2011-01-12,121.050003
2011-01-13,118.849998
2011-01-14,116.750000
2011-01-17,116.699997
2011-01-18,118.300003
2011-01-19,114.400002
2011-01-20,112.800003
2011-01-21,112.300003
2011-01-24,113.300003
2011-01-25,115.650002
2011-01-26,116.199997
2011-01-27,114.849998
2011-01-28,113.800003
2011-01-31,114.050003
2011-02-01,116.250000
2011-02-02,116.199997
2011-02-03,116.900002
2011-02-04,114.050003
2011-02-07,116.400002
2011-02-08,119.599998
2011-02-09,118.050003
2011-02-10,118.849998
2011-02-11,119.400002
2011-02-14,119.500000
2011-02-15,118.050003
2011-02-16,116.900002
2011-02-17,117.449997
2011-02-18,116.250000
2011-02-21,115.300003
2011-02-22,115.000000
2011-02-23,113.500000
2011-02-24,111.199997
2011-02-25,114.199997
2011-02-28,114.250000
2011-03-01,115.300003
2011-03-02,113.150002
2011-03-03,112.949997
2011-03-04,111.550003
2011-03-07,112.949997
2011-03-08,114.300003
2011-03-09,114.949997
2011-03-10,113.099998
2011-03-11,110.000000
2011-03-14,106.599998
2011-03-15,104.250000
2011-03-16,100.800003
2011-03-17,103.650002
2011-03-18,105.500000
2011-03-21,109.000000
2011-03-22,108.750000
2011-03-23,108.199997
2011-03-24,110.199997
2011-03-25,109.699997
2011-03-28,110.900002
2011-03-29,110.250000
2011-03-30,111.650002
2011-03-31,111.699997
2011-04-01,113.000000
2011-04-04,112.050003
2011-04-05,113.699997
2011-04-06,114.000000
2011-04-07,111.949997
2011-04-08,111.199997
2011-04-11,111.150002
2011-04-12,109.800003
2011-04-13,111.199997
2011-04-14,111.199997
2011-04-15,112.000000
2011-04-18,109.750000
2011-04-19,115.199997
2011-04-20,117.699997
2011-04-21,119.300003
2011-04-26,119.800003
2011-04-27,118.750000
2011-04-28,120.000000
2011-04-29,121.250000
2011-05-02,120.750000
2011-05-03,120.550003
2011-05-04,118.000000
2011-05-05,118.000000
2011-05-06,120.199997
2011-05-09,118.500000
2011-05-10,120.300003
2011-05-11,123.050003
2011-05-12,120.949997
2011-05-13,120.750000
2011-05-16,120.699997
2011-05-17,118.599998
2011-05-18,120.250000
2011-05-19,120.400002
2011-05-20,119.050003
2011-05-23,116.050003
2011-05-24,117.699997
2011-05-25,117.699997
2011-05-26,116.500000
2011-05-27,118.349998
2011-05-30,118.000000
2011-05-31,120.900002
2011-06-01,120.099998
2011-06-02,118.150002
2011-06-03,118.250000
2011-06-06,117.550003
2011-06-07,117.599998
2011-06-08,116.150002
2011-06-09,116.900002
2011-06-10,114.800003
2011-06-13,115.449997
2011-06-14,116.800003
2011-06-15,115.000000
2011-06-16,113.000000
2011-06-17,112.750000
2011-06-20,113.150002
2011-06-21,116.699997
2011-06-22,118.349998
2011-06-23,114.650002
2011-06-24,116.250000
2011-06-27,116.750000
2011-06-28,120.599998
2011-06-29,122.500000
2011-06-30,124.099998
2011-07-01,125.849998
2011-07-04,125.500000
2011-07-05,127.050003
2011-07-06,126.800003
2011-07-07,128.949997
2011-07-08,126.900002
2011-07-11,124.400002
2011-07-12,123.449997
2011-07-13,125.750000
2011-07-14,124.699997
2011-07-15,124.650002
2011-07-18,122.400002
2011-07-19,123.199997
2011-07-20,126.150002
2011-07-21,128.350006
2011-07-22,129.250000
2011-07-25,130.550003
2011-07-26,130.000000
2011-07-27,129.800003
2011-07-28,128.800003
2011-07-29,127.949997
2011-08-01,127.300003
2011-08-02,123.050003
2011-08-03,121.150002
2011-08-04,115.199997
2011-08-05,115.199997
2011-08-08,107.150002
2011-08-09,111.150002
2011-08-10,106.699997
2011-08-11,111.300003
2011-08-12,114.750000
2011-08-15,115.349998
2011-08-16,115.050003
2011-08-17,116.849998
2011-08-18,110.849998
2011-08-19,107.500000
2011-08-22,107.500000
2011-08-23,109.199997
2011-08-24,110.599998
2011-08-25,111.949997
2011-08-26,110.650002
2011-08-29,113.150002
2011-08-30,114.449997
2011-08-31,117.949997
2011-09-01,119.050003
2011-09-02,114.150002
2011-09-05,109.000000
2011-09-06,109.250000
2011-09-07,114.500000
2011-09-08,115.150002
2011-09-09,111.300003
2011-09-12,108.099998
2011-09-13,108.500000
2011-09-14,111.500000
2011-09-15,115.250000
2011-09-16,116.599998
2011-09-19,111.400002
2011-09-20,115.449997
2011-09-21,113.849998
2011-09-22,106.900002
2011-09-23,105.449997
2011-09-26,104.849998
2011-09-27,109.099998
2011-09-28,108.800003
2011-09-29,103.199997
2011-09-30,99.650002
2011-10-03,98.040001
2011-10-04,97.790001
2011-10-05,101.949997
2011-10-06,105.250000
2011-10-07,107.300003
2011-10-10,110.099998
2011-10-11,110.599998
2011-10-12,114.199997
2011-10-13,113.500000
2011-10-14,114.400002
2011-10-17,113.550003
2011-10-18,114.000000
2011-10-19,113.000000
2011-10-20,112.150002
2011-10-21,115.400002
2011-10-24,117.849998
2011-10-25,117.400002
2011-10-26,118.400002
2011-10-27,124.500000
2011-10-28,122.800003
2011-10-31,120.250000
2011-11-01,114.849998
2011-11-02,118.050003
2011-11-03,118.099998
2011-11-04,115.400002
2011-11-07,114.300003
2011-11-08,115.949997
2011-11-09,114.599998
2011-11-10,114.550003
2011-11-11,117.000000
2011-11-14,116.750000
2011-11-15,114.000000
2011-11-16,114.449997
2011-11-17,113.150002
2011-11-18,112.400002
2011-11-21,108.150002
2011-11-22,108.750000
2011-11-23,106.599998
2011-11-24,106.900002
2011-11-25,108.099998
2011-11-28,112.300003
2011-11-29,112.000000
2011-11-30,116.599998
2011-12-01,116.000000
2011-12-02,116.250000
2011-12-05,115.150002
2011-12-06,115.349998
2011-12-07,114.650002
2011-12-08,111.849998
2011-12-09,114.449997
2011-12-12,111.349998
2011-12-13,110.000000
2011-12-14,105.900002
2011-12-15,105.400002
2011-12-16,104.099998
2011-12-19,104.500000
2011-12-20,105.699997
2011-12-21,105.599998
2011-12-22,106.650002
2011-12-23,108.400002
2011-12-27,107.900002
2011-12-28,107.000000
2011-12-29,108.250000
2011-12-30,109.400002
2012-01-02,111.349998
2012-01-03,112.150002
2012-01-04,110.900002
2012-01-05,109.949997
2012-01-06,108.900002
2012-01-09,110.050003
2012-01-10,115.199997
2012-01-11,113.599998
2012-01-12,114.300003
2012-01-13,113.800003
2012-01-16,117.050003
2012-01-17,117.199997
2012-01-18,118.050003
2012-01-19,120.199997
2012-01-20,120.550003
2012-01-23,120.550003
2012-01-24,120.400002
2012-01-25,121.050003
2012-01-26,123.500000
2012-01-27,122.550003
2012-01-30,121.000000
2012-01-31,123.599998
2012-02-01,126.800003
2012-02-02,126.400002
2012-02-03,129.300003
2012-02-06,128.649994
2012-02-07,125.300003
2012-02-08,123.699997
2012-02-09,123.849998
2012-02-10,123.650002
2012-02-13,124.400002
2012-02-14,125.050003
2012-02-15,126.449997
2012-02-16,125.099998
2012-02-17,125.300003
2012-02-20,127.250000
2012-02-21,127.599998
2012-02-22,126.099998
2012-02-23,127.500000
2012-02-24,126.349998
2012-02-27,124.699997
2012-02-28,126.550003
2012-02-29,126.300003
2012-03-01,128.800003
2012-03-02,129.149994
2012-03-05,128.600006
2012-03-06,124.599998
2012-03-07,125.949997
2012-03-08,130.000000
2012-03-09,129.699997
2012-03-12,132.449997
2012-03-13,134.600006
2012-03-14,133.600006
2012-03-15,135.000000
2012-03-16,135.399994
2012-03-19,134.699997
2012-03-20,131.500000
2012-03-21,132.149994
2012-03-22,128.850006
2012-03-23,128.350006
2012-03-26,129.699997
2012-03-27,130.300003
2012-03-28,129.949997
2012-03-29,126.150002
2012-03-30,128.850006
2012-04-02,132.050003
2012-04-03,130.000000
2012-04-04,126.900002
2012-04-05,129.000000
2012-04-10,125.699997
2012-04-11,127.199997
2012-04-12,129.899994
2012-04-13,127.150002
2012-04-16,130.300003
2012-04-17,130.500000
2012-04-18,126.199997
2012-04-19,123.099998
2012-04-20,123.400002
2012-04-23,119.800003
2012-04-24,122.250000
2012-04-25,124.300003
2012-04-26,124.900002
2012-04-27,126.250000
2012-04-30,125.150002
2012-05-02,128.399994
2012-05-03,129.350006
2012-05-04,125.750000
2012-05-07,127.500000
2012-05-08,123.199997
2012-05-09,124.550003
2012-05-10,122.400002
2012-05-11,123.349998
2012-05-14,121.050003
2012-05-15,122.349998
2012-05-16,123.000000
2012-05-17,122.250000
2012-05-18,119.750000
2012-05-21,120.199997
2012-05-22,123.500000
2012-05-23,119.449997
2012-05-24,117.300003
2012-05-25,118.300003
2012-05-28,118.599998
2012-05-29,121.900002
2012-05-30,118.900002
2012-05-31,119.400002
2012-06-01,112.650002
2012-06-04,111.699997
2012-06-05,113.500000
2012-06-06,118.250000
2012-06-07,121.000000
2012-06-08,119.349998
2012-06-11,120.250000
2012-06-12,119.300003
2012-06-13,118.599998
2012-06-14,117.550003
2012-06-15,118.250000
2012-06-18,118.349998
2012-06-19,121.500000
2012-06-20,119.599998
2012-06-21,119.599998
2012-06-22,116.699997
2012-06-25,114.099998
2012-06-26,115.000000
2012-06-27,116.250000
2012-06-28,114.599998
2012-06-29,119.849998
2012-07-02,121.000000
2012-07-03,122.599998
2012-07-04,122.750000
2012-07-05,123.300003
2012-07-06,120.750000
2012-07-09,118.699997
2012-07-10,120.449997
2012-07-11,116.650002
2012-07-12,114.800003
2012-07-13,118.849998
2012-07-16,118.300003
2012-07-17,118.199997
2012-07-18,120.500000
2012-07-19,123.345001
2012-07-20,121.000000
2012-07-23,118.699997
2012-07-24,119.000000
2012-07-25,120.550003
2012-07-26,124.900002
2012-07-27,124.400002
2012-07-30,124.449997
2012-07-31,122.550003
2012-08-01,123.400002
2012-08-02,121.599998
2012-08-03,128.199997
2012-08-06,130.199997
2012-08-07,132.250000
2012-08-08,130.550003
2012-08-09,134.149994
2012-08-10,134.649994
2012-08-13,134.399994
2012-08-14,134.250000
2012-08-15,133.000000
2012-08-16,133.000000
2012-08-17,133.399994
2012-08-20,133.649994
2012-08-21,134.000000
2012-08-22,132.750000
2012-08-23,131.399994
2012-08-24,131.899994
2012-08-27,133.500000
2012-08-28,132.399994
2012-08-29,132.000000
2012-08-30,129.199997
2012-08-31,129.800003
2012-09-03,130.000000
2012-09-04,127.800003
2012-09-05,128.050003
2012-09-06,132.300003
2012-09-07,132.850006
2012-09-10,132.250000
2012-09-11,127.800003
2012-09-12,125.250000
2012-09-13,123.300003
2012-09-14,126.800003
2012-09-17,124.599998
2012-09-18,124.349998
2012-09-19,125.349998
2012-09-20,124.000000
2012-09-21,122.550003
2012-09-24,122.849998
2012-09-25,123.050003
2012-09-26,121.099998
2012-09-27,119.500000
2012-09-28,117.000000
2012-10-01,120.599998
2012-10-02,120.750000
2012-10-03,118.849998
2012-10-04,120.300003
2012-10-05,122.099998
2012-10-08,120.300003
2012-10-09,118.550003
2012-10-10,118.400002
2012-10-11,122.949997
2012-10-12,122.849998
2012-10-15,123.800003
2012-10-16,128.250000
2012-10-17,128.899994
2012-10-18,126.800003
2012-10-19,125.800003
2012-10-22,125.099998
2012-10-23,122.400002
2012-10-24,122.849998
2012-10-25,122.400002
2012-10-26,125.000000
2012-10-29,124.800003
2012-10-30,126.750000
2012-10-31,125.400002
2012-11-01,128.600006
2012-11-02,130.000000
2012-11-05,129.000000
2012-11-06,129.050003
2012-11-07,125.900002
2012-11-08,125.550003
2012-11-09,126.500000
2012-11-12,126.150002
2012-11-13,127.849998
2012-11-14,125.650002
2012-11-15,125.849998
2012-11-16,123.699997
2012-11-19,127.699997
2012-11-20,129.000000
2012-11-21,129.000000
2012-11-22,128.850006
2012-11-23,130.550003
2012-11-26,130.850006
2012-11-27,131.600006
2012-11-28,133.750000
2012-11-29,133.199997
2012-11-30,134.899994
2012-12-03,136.100006
2012-12-04,136.399994
2012-12-05,136.750000
2012-12-06,138.300003
2012-12-07,138.149994
2012-12-10,138.500000
2012-12-11,140.000000
2012-12-12,138.550003
2012-12-13,137.750000
2012-12-14,137.899994
2012-12-17,137.100006
2012-12-18,138.050003
2012-12-19,139.300003
2012-12-20,139.800003
2012-12-21,140.000000
2012-12-27,139.649994
2012-12-28,137.800003
2013-01-02,142.149994
2013-01-03,141.149994
2013-01-04,141.850006
2013-01-07,140.149994
2013-01-08,139.399994
2013-01-09,138.050003
2013-01-10,136.600006
2013-01-11,137.850006
2013-01-14,137.000000
2013-01-15,139.000000
2013-01-16,140.500000
2013-01-17,142.199997
2013-01-18,141.449997
2013-01-21,140.000000
2013-01-22,139.300003
2013-01-23,138.399994
2013-01-24,139.600006
2013-01-25,140.850006
2013-01-28,140.100006
2013-01-29,140.699997
2013-01-30,139.500000
2013-01-31,138.850006
2013-02-01,139.850006
2013-02-04,134.000000
2013-02-05,135.000000
2013-02-06,132.000000
2013-02-07,130.750000
2013-02-08,133.100006
2013-02-11,131.350006
2013-02-12,133.000000
2013-02-13,133.550003
2013-02-14,131.949997
2013-02-15,133.000000
2013-02-18,132.350006
2013-02-19,133.800003
2013-02-20,132.500000
2013-02-21,130.550003
2013-02-22,132.449997
2013-02-25,133.600006
2013-02-26,130.750000
2013-02-27,131.399994
2013-02-28,131.899994
2013-03-01,131.399994
2013-03-04,131.399994
2013-03-05,133.800003
2013-03-06,134.250000
2013-03-07,134.750000
2013-03-08,136.699997
2013-03-11,136.100006
2013-03-12,135.949997
2013-03-13,136.050003
2013-03-14,135.600006
2013-03-15,134.199997
2013-03-18,134.399994
2013-03-19,132.100006
2013-03-20,133.300003
2013-03-21,130.649994
2013-03-22,130.850006
2013-03-25,129.649994
2013-03-26,131.300003
2013-03-27,132.699997
2013-03-28,133.899994
2013-04-02,136.699997
2013-04-03,135.600006
2013-04-04,134.399994
2013-04-05,129.899994
2013-04-08,131.750000
2013-04-09,129.800003
2013-04-10,132.000000
2013-04-11,133.000000
2013-04-12,130.850006
2013-04-15,131.250000
2013-04-16,126.250000
2013-04-17,121.750000
2013-04-18,120.800003
2013-04-19,123.300003
2013-04-22,121.849998
2013-04-23,125.099998
2013-04-24,128.199997
2013-04-25,129.850006
2013-04-26,129.149994
2013-04-29,131.399994
2013-04-30,131.500000
2013-05-02,132.000000
2013-05-03,135.199997
2013-05-06,134.050003
2013-05-07,133.449997
2013-05-08,133.500000
2013-05-09,133.800003
2013-05-10,134.350006
2013-05-13,133.149994
2013-05-14,135.750000
2013-05-15,137.899994
2013-05-16,140.399994
2013-05-17,141.649994
2013-05-20,142.300003
2013-05-21,143.199997
2013-05-22,141.800003
2013-05-23,137.399994
2013-05-24,137.500000
2013-05-27,138.199997
2013-05-28,140.350006
2013-05-29,137.100006
2013-05-30,138.350006
2013-05-31,136.649994
2013-06-03,135.500000
2013-06-04,134.550003
2013-06-05,131.000000
2013-06-06,130.800003
2013-06-07,132.649994
2013-06-10,132.699997
2013-06-11,129.600006
2013-06-12,127.699997
2013-06-13,126.000000
2013-06-14,125.800003
2013-06-17,127.150002
2013-06-18,126.849998
2013-06-19,127.599998
2013-06-20,122.949997
2013-06-21,121.099998
2013-06-24,119.250000
2013-06-25,122.000000
2013-06-26,125.199997
2013-06-27,126.500000
2013-06-28,124.500000
2013-07-01,127.349998
2013-07-02,126.099998
2013-07-03,124.750000
2013-07-04,126.300003
2013-07-05,125.050003
2013-07-08,128.750000
2013-07-09,131.399994
2013-07-10,132.399994
2013-07-11,133.649994
2013-07-12,133.250000
2013-07-15,133.949997
2013-07-16,131.649994
2013-07-17,133.100006
2013-07-18,134.000000
2013-07-19,132.949997
2013-07-22,131.600006
2013-07-23,130.050003
2013-07-24,130.399994
2013-07-25,130.399994
2013-07-26,135.050003
2013-07-29,134.449997
2013-07-30,135.800003
2013-07-31,136.649994
2013-08-01,140.000000
2013-08-02,140.649994
2013-08-05,140.100006
2013-08-06,140.000000
2013-08-07,138.949997
2013-08-08,138.800003
2013-08-09,139.050003
2013-08-12,139.949997
2013-08-13,140.100006
2013-08-14,142.000000
2013-08-15,140.000000
2013-08-16,140.899994
2013-08-19,140.850006
2013-08-20,139.649994
2013-08-21,139.149994
2013-08-22,139.899994
2013-08-23,139.000000
2013-08-26,139.800003
2013-08-27,135.800003
2013-08-28,133.149994
2013-08-29,134.600006
2013-08-30,132.550003
2013-09-02,135.850006
2013-09-03,134.899994
2013-09-04,134.550003
2013-09-05,135.149994
2013-09-06,137.250000
2013-09-09,138.350006
2013-09-10,142.000000
2013-09-11,141.500000
2013-09-12,140.750000
2013-09-13,141.649994
2013-09-16,144.949997
2013-09-17,143.649994
2013-09-18,145.800003
2013-09-19,149.250000
2013-09-20,148.050003
2013-09-23,146.300003
2013-09-24,148.500000
2013-09-25,147.399994
2013-09-26,147.100006
2013-09-27,146.050003
2013-09-30,145.600006
2013-10-01,148.050003
2013-10-02,144.750000
2013-10-03,145.750000
2013-10-04,146.699997
2013-10-07,145.149994
2013-10-08,144.300003
2013-10-09,143.600006
2013-10-10,145.899994
2013-10-11,146.199997
2013-10-14,144.800003
2013-10-15,144.850006
2013-10-16,138.699997
2013-10-17,138.050003
2013-10-18,141.000000
2013-10-21,139.250000
2013-10-22,140.399994
2013-10-23,139.649994
2013-10-24,139.800003
2013-10-25,139.149994
2013-10-28,139.600006
2013-10-29,140.199997
2013-10-30,140.699997
2013-10-31,141.800003
2013-11-01,141.199997
2013-11-04,141.850006
2013-11-05,139.649994
2013-11-06,139.850006
2013-11-07,139.750000
2013-11-08,139.399994
2013-11-11,140.350006
2013-11-12,139.449997
2013-11-13,138.300003
2013-11-14,139.649994
2013-11-15,140.350006
2013-11-18,142.550003
2013-11-19,141.149994
2013-11-20,140.949997
2013-11-21,139.449997
2013-11-22,140.000000
2013-11-25,142.149994
2013-11-26,140.949997
2013-11-27,141.649994
2013-11-28,140.699997
2013-11-29,138.750000
2013-12-02,138.300003
2013-12-03,134.449997
2013-12-04,132.350006
2013-12-05,131.250000
2013-12-06,130.300003
2013-12-09,131.000000
2013-12-10,128.600006
2013-12-11,128.750000
2013-12-12,127.300003
2013-12-13,127.250000
2013-12-16,128.899994
2013-12-17,129.000000
2013-12-18,129.250000
2013-12-19,130.050003
2013-12-20,129.800003
2013-12-23,130.250000
2013-12-24,129.949997
2013-12-27,132.350006
2013-12-30,132.199997
2013-12-31,132.600006
2014-01-02,131.250000
2014-01-03,131.000000
2014-01-06,128.550003
2014-01-07,127.650002
2014-01-08,125.800003
2014-01-09,122.949997
2014-01-10,125.800003
2014-01-13,126.349998
2014-01-14,126.250000
2014-01-15,128.699997
2014-01-16,126.650002
2014-01-17,126.699997
2014-01-20,127.500000
2014-01-21,129.000000
2014-01-22,127.949997
2014-01-23,125.449997
2014-01-24,124.199997
2014-01-27,123.250000
2014-01-28,124.099998
2014-01-29,123.349998
2014-01-30,122.500000
2014-01-31,132.149994
2014-02-03,129.600006
2014-02-04,130.149994
2014-02-05,130.350006
2014-02-06,133.699997
2014-02-07,134.199997
2014-02-10,133.500000
2014-02-11,134.500000
2014-02-12,133.850006
2014-02-13,133.399994
2014-02-14,134.800003
2014-02-17,135.199997
2014-02-18,135.750000
2014-02-19,136.250000
2014-02-20,137.149994
2014-02-21,137.449997
2014-02-24,138.750000
2014-02-25,137.350006
2014-02-26,135.149994
2014-02-27,135.600006
2014-02-28,134.850006
2014-03-03,131.050003
2014-03-04,133.149994
2014-03-05,132.250000
2014-03-06,131.649994
2014-03-07,131.649994
2014-03-10,131.350006
2014-03-11,130.899994
2014-03-12,129.000000
2014-03-13,128.250000
2014-03-14,126.750000
2014-03-17,128.000000
2014-03-18,129.100006
2014-03-19,128.300003
2014-03-20,129.300003
2014-03-21,128.949997
2014-03-24,128.449997
2014-03-25,131.300003
2014-03-26,132.550003
2014-03-27,132.899994
2014-03-28,133.750000
2014-03-31,131.949997
2014-04-01,134.300003
2014-04-02,134.199997
2014-04-03,133.550003
2014-04-04,133.649994
2014-04-07,133.449997
2014-04-08,135.050003
2014-04-09,136.449997
2014-04-10,140.850006
2014-04-11,141.199997
2014-04-14,142.149994
2014-04-15,142.000000
2014-04-16,142.949997
2014-04-17,142.699997
2014-04-22,143.100006
2014-04-23,142.300003
2014-04-24,142.649994
2014-04-25,141.949997
2014-04-28,141.649994
2014-04-29,140.300003
2014-04-30,141.750000
2014-05-01,141.750000
2014-05-02,140.800003
2014-05-05,140.649994
2014-05-06,140.000000
2014-05-07,140.100006
2014-05-08,142.699997
2014-05-09,141.850006
2014-05-12,143.250000
2014-05-13,142.949997
2014-05-14,142.399994
2014-05-15,143.550003
2014-05-16,143.750000
2014-05-19,142.350006
2014-05-20,142.750000
2014-05-21,143.949997
2014-05-22,143.550003
2014-05-23,143.149994
2014-05-26,144.250000
2014-05-27,144.649994
2014-05-28,144.199997
2014-05-29,144.500000
2014-05-30,145.949997
2014-06-02,144.699997
2014-06-03,145.050003
2014-06-04,145.250000
2014-06-05,145.750000
2014-06-06,143.250000
2014-06-09,143.449997
2014-06-10,144.600006
2014-06-11,144.899994
2014-06-12,144.750000
2014-06-13,144.399994
2014-06-16,144.350006
2014-06-17,145.399994
2014-06-18,144.850006
2014-06-19,145.699997
2014-06-20,145.699997
2014-06-23,145.500000
2014-06-24,145.850006
2014-06-25,143.699997
2014-06-26,141.250000
2014-06-27,140.350006
2014-06-30,140.800003
2014-07-01,141.000000
2014-07-02,139.949997
2014-07-03,141.850006
2014-07-04,140.850006
2014-07-07,139.649994
2014-07-08,138.449997
2014-07-09,139.500000
2014-07-10,139.350006
2014-07-11,139.350006
2014-07-14,140.350006
2014-07-15,138.699997
2014-07-16,140.000000
2014-07-17,138.550003
2014-07-18,138.399994
2014-07-21,138.449997
2014-07-22,139.250000
2014-07-23,139.800003
2014-07-24,141.250000
2014-07-25,131.649994
2014-07-28,131.550003
2014-07-29,131.699997
2014-07-30,130.250000
2014-07-31,128.600006
2014-08-01,128.250000
2014-08-04,127.449997
2014-08-05,129.750000
2014-08-06,129.449997
2014-08-07,126.949997
2014-08-08,126.650002
2014-08-11,127.650002
2014-08-12,127.900002
2014-08-13,128.500000
2014-08-14,128.199997
2014-08-15,127.199997
2014-08-18,128.500000
2014-08-19,129.649994
2014-08-20,129.850006
2014-08-21,130.649994
2014-08-22,129.500000
2014-08-25,131.850006
2014-08-26,133.149994
2014-08-27,132.699997
2014-08-28,131.800003
2014-08-29,132.050003
2014-09-01,132.899994
2014-09-02,133.050003
2014-09-03,136.899994
2014-09-04,137.600006
2014-09-05,136.649994
2014-09-08,136.250000
2014-09-09,135.949997
2014-09-10,135.899994
2014-09-11,136.800003
2014-09-12,136.199997
2014-09-15,136.800003
2014-09-16,135.649994
2014-09-17,134.649994
2014-09-18,135.649994
2014-09-19,134.449997
2014-09-22,132.449997
2014-09-23,130.750000
2014-09-24,132.699997
2014-09-25,130.800003
2014-09-26,130.850006
2014-09-29,128.850006
2014-09-30,128.699997
2014-10-01,127.349998
2014-10-02,125.900002
2014-10-03,127.849998
2014-10-06,128.199997
2014-10-07,125.750000
2014-10-08,126.349998
2014-10-09,127.099998
2014-10-10,125.000000
2014-10-13,125.599998
2014-10-14,125.099998
2014-10-15,124.900002
2014-10-16,123.750000
2014-10-17,125.199997
2014-10-20,124.949997
2014-10-21,126.550003
2014-10-22,127.050003
2014-10-23,128.550003
2014-10-24,128.250000
2014-10-27,128.449997
2014-10-28,129.899994
2014-10-29,131.449997
2014-10-30,132.699997
2014-10-31,135.350006
2014-11-03,134.800003
2014-11-04,131.949997
2014-11-05,134.000000
2014-11-06,135.300003
2014-11-07,133.899994
2014-11-10,135.750000
2014-11-11,136.750000
2014-11-12,136.149994
2014-11-13,137.750000
2014-11-14,137.750000
2014-11-17,138.350006
2014-11-18,139.449997
2014-11-19,140.350006
2014-11-20,139.899994
2014-11-21,144.949997
2014-11-24,144.300003
2014-11-25,143.800003
2014-11-26,142.949997
2014-11-27,143.000000
2014-11-28,144.500000
2014-12-01,143.750000
2014-12-02,142.300003
2014-12-03,142.550003
2014-12-04,142.399994
2014-12-05,145.750000
2014-12-08,144.899994
2014-12-09,142.000000
2014-12-10,141.100006
2014-12-11,141.000000
2014-12-12,137.600006
2014-12-15,134.800003
2014-12-16,136.800003
2014-12-17,125.849998
2014-12-18,130.250000
2014-12-19,129.949997
2014-12-22,131.050003
2014-12-23,132.500000
2014-12-24,131.899994
2014-12-29,132.500000
2014-12-30,131.149994
2014-12-31,132.250000
2015-01-02,130.850006
2015-01-05,127.050003
2015-01-06,125.599998
2015-01-07,125.699997
2015-01-08,129.649994
2015-01-09,127.699997
2015-01-12,131.949997
2015-01-13,132.949997
2015-01-14,132.699997
2015-01-15,135.050003
2015-01-16,134.199997
2015-01-19,134.199997
2015-01-20,136.500000
2015-01-21,137.399994
2015-01-22,137.850006
2015-01-23,141.850006
2015-01-26,144.649994
2015-01-27,145.100006
2015-01-28,145.199997
2015-01-29,144.699997
2015-01-30,143.500000
2015-02-02,143.300003
2015-02-03,144.500000
2015-02-04,156.250000
2015-02-05,153.500000
2015-02-06,152.800003
2015-02-09,150.600006
2015-02-10,156.149994
2015-02-11,156.550003
2015-02-12,159.149994
2015-02-13,158.500000
2015-02-16,156.949997
2015-02-17,157.600006
2015-02-18,158.750000
2015-02-19,160.800003
2015-02-20,161.000000
2015-02-23,161.250000
2015-02-24,161.199997
2015-02-25,161.600006
2015-02-26,161.949997
2015-02-27,163.899994
2015-03-02,164.750000
2015-03-03,162.399994
2015-03-04,165.100006
2015-03-05,167.699997
2015-03-06,168.899994
2015-03-09,167.800003
2015-03-10,166.250000
2015-03-11,171.500000
2015-03-12,170.600006
2015-03-13,171.250000
2015-03-16,174.699997
2015-03-17,172.699997
2015-03-18,170.750000
2015-03-19,168.300003
2015-03-20,169.250000
2015-03-23,164.500000
2015-03-24,166.449997
2015-03-25,163.600006
2015-03-26,162.350006
2015-03-27,162.250000
2015-03-30,164.500000
2015-03-31,164.149994
2015-04-01,163.300003
2015-04-02,163.550003
2015-04-07,165.550003
2015-04-08,167.500000
2015-04-09,170.800003
2015-04-10,172.399994
2015-04-13,172.550003
2015-04-14,168.250000
2015-04-15,171.199997
2015-04-16,169.050003
2015-04-17,165.449997
2015-04-20,165.000000
2015-04-21,164.100006
2015-04-22,160.850006
2015-04-23,159.300003
2015-04-24,161.050003
2015-04-27,162.649994
2015-04-28,158.850006
2015-04-29,155.750000
2015-04-30,156.600006
2015-05-04,159.500000
2015-05-05,154.649994
2015-05-06,154.250000
2015-05-07,155.899994
2015-05-08,160.800003
2015-05-11,158.350006
2015-05-12,155.899994
2015-05-13,154.399994
2015-05-14,158.850006
2015-05-15,158.750000
2015-05-18,160.149994
2015-05-19,165.949997
2015-05-20,166.000000
2015-05-21,165.600006
2015-05-22,166.399994
2015-05-25,165.899994
2015-05-26,165.000000
2015-05-27,167.850006
2015-05-28,166.550003
2015-05-29,162.149994
2015-06-01,163.199997
2015-06-02,165.100006
2015-06-03,165.550003
2015-06-04,163.449997
2015-06-05,160.300003
2015-06-08,160.250000
2015-06-09,155.149994
2015-06-10,161.550003
2015-06-11,165.500000
2015-06-12,162.350006
2015-06-15,159.850006
2015-06-16,160.300003
2015-06-17,159.199997
2015-06-18,159.899994
2015-06-19,159.949997
2015-06-22,168.000000
2015-06-23,170.350006
2015-06-24,170.850006
2015-06-25,170.899994
2015-06-26,171.199997
2015-06-29,163.600006
2015-06-30,157.149994
2015-07-01,161.649994
2015-07-02,158.899994
2015-07-03,157.649994
2015-07-06,153.250000
2015-07-07,147.949997
2015-07-08,149.350006
2015-07-09,153.399994
2015-07-10,158.750000
2015-07-13,162.000000
2015-07-14,162.699997
2015-07-15,161.500000
2015-07-16,162.300003
2015-07-17,166.949997
2015-07-20,169.149994
2015-07-21,168.350006
2015-07-22,167.500000
2015-07-23,167.199997
2015-07-24,166.050003
2015-07-27,160.949997
2015-07-28,165.800003
2015-07-29,169.000000
2015-07-30,168.600006
2015-07-31,170.699997
2015-08-03,171.149994
2015-08-04,171.100006
2015-08-05,175.600006
2015-08-06,175.350006
2015-08-07,173.449997
2015-08-10,174.300003
2015-08-11,164.850006
2015-08-12,155.850006
2015-08-13,160.399994
2015-08-14,159.600006
2015-08-17,160.300003
2015-08-18,158.899994
2015-08-19,154.100006
2015-08-20,148.050003
2015-08-21,145.699997
2015-08-24,139.300003
2015-08-25,147.550003
2015-08-26,145.850006
2015-08-27,151.149994
2015-08-28,150.949997
2015-08-31,148.649994
2015-09-01,144.199997
2015-09-02,147.149994
2015-09-03,150.149994
2015-09-04,145.949997
2015-09-07,146.600006
2015-09-08,147.800003
2015-09-09,149.750000
2015-09-10,149.250000
2015-09-11,148.149994
2015-09-14,147.699997
2015-09-15,149.899994
2015-09-16,155.550003
2015-09-17,155.600006
2015-09-18,150.649994
2015-09-21,152.149994
2015-09-22,147.399994
2015-09-23,147.600006
2015-09-24,144.050003
2015-09-25,151.149994
2015-09-28,147.149994
2015-09-29,145.550003
2015-09-30,152.199997
2015-10-01,149.750000
2015-10-02,149.199997
2015-10-05,156.550003
2015-10-06,159.250000
2015-10-07,161.000000
2015-10-08,162.350006
2015-10-09,165.750000
2015-10-12,166.500000
2015-10-13,161.250000
2015-10-14,159.250000
2015-10-15,160.399994
2015-10-16,158.649994
2015-10-19,158.899994
2015-10-20,158.300003
2015-10-21,158.050003
2015-10-22,165.149994
2015-10-23,170.649994
2015-10-26,169.149994
2015-10-27,168.500000
2015-10-28,167.699997
2015-10-29,169.050003
2015-10-30,169.600006
2015-11-02,167.899994
2015-11-03,169.750000
2015-11-04,172.750000
2015-11-05,173.500000
2015-11-06,168.750000
2015-11-09,167.300003
2015-11-10,168.399994
2015-11-11,171.899994
2015-11-12,166.949997
2015-11-13,162.399994
2015-11-16,160.149994
2015-11-17,165.399994
2015-11-18,163.600006
2015-11-19,162.399994
2015-11-20,162.250000
2015-11-23,161.899994
2015-11-24,154.949997
2015-11-25,158.000000
2015-11-26,159.100006
2015-11-27,155.949997
2015-11-30,158.750000
2015-12-01,157.399994
2015-12-02,158.449997
2015-12-03,151.199997
2015-12-04,152.250000
2015-12-07,154.449997
2015-12-08,150.500000
2015-12-09,148.850006
2015-12-10,148.000000
2015-12-11,144.949997
2015-12-14,142.199997
2015-12-15,147.949997
2015-12-16,148.649994
2015-12-17,148.899994
2015-12-18,145.000000
2015-12-21,142.699997
2015-12-22,143.800003
2015-12-23,146.449997
2015-12-24,146.050003
2015-12-28,144.100006
2015-12-29,147.750000
2015-12-30,147.149994
2016-01-04,139.199997
2016-01-05,139.449997
2016-01-06,136.699997
2016-01-07,136.600006
2016-01-08,135.350006
2016-01-11,135.199997
2016-01-12,139.449997
2016-01-13,137.750000
2016-01-14,137.000000
2016-01-15,137.399994
2016-01-18,136.750000
2016-01-19,140.000000
2016-01-20,134.649994
2016-01-21,139.199997
2016-01-22,143.149994
2016-01-25,143.899994
2016-01-26,144.899994
2016-01-27,146.100006
2016-01-28,143.699997
2016-01-29,148.199997
2016-02-01,147.750000
2016-02-02,145.199997
2016-02-03,151.750000
2016-02-04,152.800003
2016-02-05,152.699997
2016-02-08,151.699997
2016-02-09,147.750000
2016-02-10,148.199997
2016-02-11,142.550003
2016-02-12,146.000000
2016-02-15,151.449997
2016-02-16,149.350006
2016-02-17,155.500000
2016-02-18,153.600006
2016-02-19,154.500000
2016-02-22,155.649994
2016-02-23,152.000000
2016-02-24,148.500000
2016-02-25,150.350006
2016-02-26,153.199997
2016-02-29,153.800003
2016-03-01,154.699997
2016-03-02,155.000000
2016-03-03,153.699997
2016-03-04,153.350006
2016-03-07,154.649994
2016-03-08,154.800003
2016-03-09,155.550003
2016-03-10,154.350006
2016-03-11,157.449997
2016-03-14,159.500000
2016-03-15,155.850006
2016-03-16,155.050003
2016-03-17,151.649994
2016-03-18,152.350006
2016-03-21,150.550003
2016-03-22,148.750000
2016-03-23,150.149994
2016-03-24,147.199997
2016-03-29,150.800003
2016-03-30,154.500000
2016-03-31,150.500000
2016-04-01,148.800003
2016-04-04,149.199997
2016-04-05,145.350006
2016-04-06,146.100006
2016-04-07,145.149994
2016-04-08,145.649994
2016-04-11,146.050003
2016-04-12,148.300003
2016-04-13,154.550003
2016-04-14,153.500000
2016-04-15,152.399994
2016-04-18,152.250000
2016-04-19,153.449997
2016-04-20,154.500000
2016-04-21,152.100006
2016-04-22,149.750000
2016-04-25,148.800003
2016-04-26,147.550003
2016-04-27,147.199997
2016-04-28,149.399994
2016-04-29,145.100006
2016-05-02,147.250000
2016-05-03,144.699997
2016-05-04,143.649994
2016-05-05,144.399994
2016-05-06,143.699997
2016-05-09,145.550003
2016-05-10,148.850006
2016-05-11,146.449997
2016-05-12,144.750000
2016-05-13,145.350006
2016-05-16,145.050003
2016-05-17,143.949997
2016-05-18,144.800003
2016-05-19,142.199997
2016-05-20,144.199997
2016-05-23,142.399994
2016-05-24,144.699997
2016-05-25,143.500000
2016-05-26,143.800003
2016-05-27,145.050003
2016-05-30,145.399994
2016-05-31,144.050003
2016-06-01,144.399994
2016-06-02,145.350006
2016-06-03,145.250000
2016-06-06,145.250000
2016-06-07,149.399994
2016-06-08,147.550003
2016-06-09,145.750000
2016-06-10,142.699997
2016-06-13,140.500000
2016-06-14,137.100006
2016-06-15,139.199997
2016-06-16,137.600006
2016-06-17,137.500000
2016-06-20,143.899994
2016-06-21,143.199997
2016-06-22,142.750000
2016-06-23,144.600006
2016-06-24,135.149994
2016-06-27,131.399994
2016-06-28,134.649994
2016-06-29,135.750000
2016-06-30,136.000000
2016-07-01,136.149994
2016-07-04,136.899994
2016-07-05,134.550003
2016-07-06,132.500000
2016-07-07,133.300003
2016-07-08,134.399994
2016-07-11,137.500000
2016-07-12,139.699997
2016-07-13,139.250000
2016-07-14,141.000000
2016-07-15,140.000000
2016-07-18,140.350006
2016-07-19,139.350006
2016-07-20,142.149994
2016-07-21,142.500000
2016-07-22,142.300003
2016-07-25,144.449997
2016-07-26,143.699997
2016-07-27,154.449997
2016-07-28,153.350006
2016-07-29,153.399994
2016-08-01,152.899994
2016-08-02,149.500000
2016-08-03,149.850006
2016-08-04,149.850006
2016-08-05,153.399994
2016-08-08,152.000000
2016-08-09,153.600006
2016-08-10,153.050003
2016-08-11,156.199997
2016-08-12,158.600006
2016-08-15,158.699997
2016-08-16,157.149994
2016-08-17,156.050003
2016-08-18,157.399994
2016-08-19,157.050003
2016-08-22,156.149994
2016-08-23,156.899994
2016-08-24,157.300003
2016-08-25,155.600006
2016-08-26,155.899994
2016-08-29,155.500000
2016-08-30,154.750000
2016-08-31,151.699997
2016-09-01,152.600006
2016-09-02,156.199997
2016-09-05,155.449997
2016-09-06,156.149994
2016-09-07,156.449997
2016-09-08,154.100006
2016-09-09,152.199997
2016-09-12,152.000000
2016-09-13,150.800003
2016-09-14,147.399994
2016-09-15,147.649994
2016-09-16,146.649994
2016-09-19,149.050003
2016-09-20,150.050003
2016-09-21,150.199997
2016-09-22,154.199997
2016-09-23,153.750000
2016-09-26,151.750000
2016-09-27,151.850006
2016-09-28,152.399994
2016-09-29,150.699997
2016-09-30,151.800003
2016-10-03,152.000000
2016-10-04,156.600006
2016-10-05,156.250000
2016-10-06,155.000000
2016-10-07,155.399994
2016-10-10,157.050003
2016-10-11,164.100006
2016-10-12,164.350006
2016-10-13,163.000000
2016-10-14,166.800003
2016-10-17,165.399994
2016-10-18,166.300003
2016-10-19,167.350006
2016-10-20,168.100006
2016-10-21,167.149994
2016-10-24,168.000000
2016-10-25,166.899994
2016-10-26,168.050003
2016-10-27,168.000000
2016-10-28,167.949997
2016-10-31,165.550003
2016-11-01,165.149994
2016-11-02,162.750000
2016-11-03,162.899994
2016-11-04,161.699997
2016-11-07,164.250000
2016-11-08,166.149994
2016-11-09,165.600006
2016-11-10,162.550003
2016-11-11,162.000000
2016-11-14,162.699997
2016-11-15,165.800003
2016-11-16,162.500000
2016-11-17,165.550003
2016-11-18,165.250000
2016-11-21,168.300003
2016-11-22,168.100006
2016-11-23,167.250000
2016-11-24,168.250000
2016-11-25,169.000000
2016-11-28,167.500000
2016-11-29,170.750000
2016-11-30,171.699997
2016-12-01,170.550003
2016-12-02,169.149994
2016-12-05,171.100006
2016-12-06,173.100006
2016-12-07,175.699997
2016-12-08,176.550003
2016-12-09,176.100006
2016-12-12,176.149994
2016-12-13,177.899994
2016-12-14,176.500000
2016-12-15,177.750000
2016-12-16,179.199997
2016-12-19,179.199997
2016-12-20,179.000000
2016-12-21,179.600006
2016-12-22,179.750000
2016-12-23,179.300003
2016-12-27,179.949997
2016-12-28,180.850006
2016-12-29,179.399994
2016-12-30,181.399994
2017-01-02,181.800003
2017-01-03,179.699997
2017-01-04,178.100006
2017-01-05,176.949997
2017-01-06,179.250000
2017-01-09,180.949997
2017-01-10,181.100006
2017-01-11,183.250000
2017-01-12,186.550003
2017-01-13,188.949997
2017-01-16,187.550003
2017-01-17,186.850006
2017-01-18,188.100006
2017-01-19,190.000000
2017-01-20,190.949997
2017-01-23,190.350006
2017-01-24,189.050003
2017-01-25,191.399994
2017-01-26,190.449997
2017-01-27,186.850006
2017-01-30,184.350006
2017-01-31,186.600006
2017-02-01,188.000000
2017-02-02,187.500000
2017-02-03,188.949997
2017-02-06,185.149994
2017-02-07,184.449997
2017-02-08,182.350006
2017-02-09,185.500000
2017-02-10,185.100006
2017-02-13,189.800003
2017-02-14,190.149994
2017-02-15,188.699997
2017-02-16,189.699997
2017-02-17,186.850006
2017-02-20,188.100006
2017-02-21,190.000000
2017-02-22,192.500000
2017-02-23,192.199997
2017-02-24,190.699997
2017-02-27,189.850006
2017-02-28,189.449997
2017-03-01,195.300003
2017-03-02,194.100006
2017-03-03,194.350006
2017-03-06,193.750000
2017-03-07,193.750000
2017-03-08,194.800003
2017-03-09,195.649994
2017-03-10,196.399994
2017-03-13,198.250000
2017-03-14,198.350006
2017-03-15,197.800003
2017-03-16,198.750000
2017-03-17,201.500000
2017-03-20,200.000000
2017-03-21,198.699997
2017-03-22,199.600006
2017-03-23,201.949997
2017-03-24,201.100006
2017-03-27,201.550003
2017-03-28,201.449997
2017-03-29,202.600006
2017-03-30,202.899994
2017-03-31,205.850006
2017-04-03,204.050003
2017-04-04,206.199997
2017-04-05,204.750000
2017-04-06,207.250000
2017-04-07,209.250000
2017-04-10,207.449997
2017-04-11,208.600006
2017-04-12,208.850006
2017-04-13,208.600006
2017-04-18,206.600006
2017-04-19,204.800003
2017-04-20,207.399994
2017-04-21,206.899994
2017-04-24,214.699997
2017-04-25,223.149994
2017-04-26,224.850006
2017-04-27,225.899994
2017-04-28,226.500000
2017-05-02,228.050003
2017-05-03,230.850006
2017-05-04,234.399994
2017-05-05,238.100006
2017-05-08,233.649994
2017-05-09,233.649994
2017-05-10,232.350006
2017-05-11,233.300003
2017-05-12,231.500000
2017-05-15,231.199997
2017-05-16,232.100006
2017-05-17,228.000000
2017-05-18,229.000000
2017-05-19,229.100006
2017-05-22,228.250000
2017-05-23,227.300003
2017-05-24,227.100006
2017-05-25,229.199997
2017-05-26,227.399994
2017-05-29,227.000000
2017-05-30,226.699997
2017-05-31,227.149994
2017-06-01,229.000000
2017-06-02,231.449997
2017-06-05,230.250000
2017-06-06,226.250000
2017-06-07,228.050003
2017-06-08,227.000000
2017-06-09,227.899994
2017-06-12,224.100006
2017-06-13,227.649994
2017-06-14,227.899994
2017-06-15,226.399994
2017-06-16,230.699997
2017-06-19,232.800003
2017-06-20,232.399994
2017-06-21,231.899994
2017-06-22,231.850006
2017-06-23,231.649994
2017-06-26,230.850006
2017-06-27,229.800003
2017-06-28,226.649994
2017-06-29,218.250000
2017-06-30,218.300003
2017-07-03,220.949997
2017-07-04,220.050003
2017-07-05,221.800003
2017-07-06,219.199997
2017-07-07,216.399994
2017-07-10,216.800003
2017-07-11,214.500000
2017-07-12,216.350006
2017-07-13,216.399994
2017-07-14,219.750000
2017-07-17,222.350006
2017-07-18,219.000000
2017-07-19,222.250000
2017-07-20,222.300003
2017-07-21,219.250000
2017-07-24,219.149994
2017-07-25,218.850006
2017-07-26,218.000000
2017-07-27,216.050003
2017-07-28,213.149994
2017-07-31,212.699997
2017-08-01,215.899994
2017-08-02,215.050003
2017-08-03,219.000000
2017-08-04,221.899994
2017-08-07,222.500000
2017-08-08,222.750000
2017-08-09,217.149994
2017-08-10,215.149994
2017-08-11,214.449997
2017-08-14,216.600006
2017-08-15,217.050003
2017-08-16,219.100006
2017-08-17,219.600006
2017-08-18,217.699997
2017-08-21,217.000000
2017-08-22,218.949997
2017-08-23,216.949997
2017-08-24,218.000000
2017-08-25,217.000000
2017-08-28,215.850006
2017-08-29,216.199997
2017-08-30,218.850006
2017-08-31,220.250000
2017-09-01,221.750000
2017-09-04,220.949997
2017-09-05,217.800003
2017-09-06,217.899994
2017-09-07,220.000000
2017-09-08,219.949997
2017-09-11,225.300003
2017-09-12,228.149994
2017-09-13,230.250000
2017-09-14,229.550003
2017-09-15,230.000000
2017-09-18,229.250000
2017-09-19,229.300003
2017-09-20,230.000000
2017-09-21,229.850006
2017-09-22,230.399994
2017-09-25,230.750000
2017-09-26,231.350006
2017-09-27,230.850006
2017-09-28,230.800003
2017-09-29,233.449997
2017-10-02,233.250000
2017-10-03,234.899994
2017-10-04,234.850006
2017-10-05,234.199997
2017-10-06,230.399994
2017-10-09,232.199997
2017-10-10,237.399994
2017-10-11,239.399994
2017-10-12,241.000000
2017-10-13,241.800003
2017-10-16,240.449997
2017-10-17,239.300003
2017-10-18,240.899994
2017-10-19,239.949997
2017-10-20,237.649994
2017-10-23,241.050003
2017-10-24,240.800003
2017-10-25,243.949997
2017-10-26,248.949997
2017-10-27,253.949997
2017-10-30,254.949997
2017-10-31,256.100006
2017-11-01,255.250000
2017-11-02,254.949997
2017-11-03,258.149994
2017-11-06,259.549988
2017-11-07,256.600006
2017-11-08,254.649994
2017-11-09,249.899994
2017-11-10,248.500000
2017-11-13,245.949997
2017-11-14,245.949997
2017-11-15,244.800003
2017-11-16,246.949997
2017-11-17,246.600006
2017-11-20,249.250000
2017-11-21,251.699997
2017-11-22,247.050003
2017-11-23,248.800003
2017-11-24,249.600006
2017-11-27,247.500000
2017-11-28,246.949997
2017-11-29,245.100006
2017-11-30,244.500000
2017-12-01,243.300003
2017-12-04,246.949997
2017-12-05,245.899994
2017-12-06,248.699997
2017-12-07,246.899994
2017-12-08,247.399994
2017-12-11,246.199997
2017-12-12,246.449997
2017-12-13,247.000000
2017-12-14,244.350006
2017-12-15,245.149994
2017-12-18,254.050003
2017-12-19,252.600006
2017-12-20,250.449997
2017-12-21,252.449997
2017-12-22,249.500000
2017-12-27,251.350006
2017-12-28,247.800003
2017-12-29,245.399994
2018-01-02,241.300003
2018-01-03,242.750000
2018-01-04,245.600006
2018-01-05,249.500000
2018-01-08,245.500000
2018-01-09,246.100006
2018-01-10,242.000000
2018-01-11,239.000000
2018-01-12,242.149994
2018-01-15,242.750000
2018-01-16,243.000000
2018-01-17,242.350006
2018-01-18,238.750000
2018-01-19,240.949997
2018-01-22,243.000000
2018-01-23,244.600006
2018-01-24,241.199997
2018-01-25,240.149994
2018-01-26,251.899994
2018-01-29,252.600006
2018-01-30,251.449997
2018-01-31,252.600006
2018-02-01,252.149994
2018-02-02,247.899994
2018-02-05,242.449997
2018-02-06,236.149994
2018-02-07,245.000000
2018-02-08,237.449997
2018-02-09,234.899994
2018-02-12,241.850006
2018-02-13,237.350006
2018-02-14,240.899994
2018-02-15,244.300003
2018-02-16,248.500000
2018-02-19,245.199997
2018-02-20,245.100006
2018-02-21,246.699997
2018-02-22,245.050003
2018-02-23,246.750000
2018-02-26,249.300003
2018-02-27,246.949997
2018-02-28,246.500000
2018-03-01,244.100006
2018-03-02,238.750000
2018-03-05,240.750000
2018-03-06,241.350006
2018-03-07,241.199997
2018-03-08,245.600006
2018-03-09,245.949997
2018-03-12,246.800003
2018-03-13,243.500000
2018-03-14,242.899994
2018-03-15,247.350006
2018-03-16,247.500000
2018-03-19,246.000000
2018-03-20,251.550003
2018-03-21,252.649994
2018-03-22,249.300003
2018-03-23,242.899994
2018-03-26,243.800003
2018-03-27,245.199997
2018-03-28,243.899994
2018-03-29,250.199997
2018-04-03,256.000000
2018-04-04,255.850006
2018-04-05,264.500000
2018-04-06,262.600006
2018-04-09,262.250000
2018-04-10,275.149994
2018-04-11,278.250000
2018-04-12,281.000000
2018-04-13,281.850006
2018-04-16,282.700012
2018-04-17,279.250000
2018-04-18,282.799988
2018-04-19,277.200012
2018-04-20,279.250000
2018-04-23,281.049988
2018-04-24,281.750000
2018-04-25,280.649994
2018-04-26,281.100006
2018-04-27,284.399994
2018-04-30,289.299988
2018-05-02,292.750000
2018-05-03,291.250000
2018-05-04,291.799988
2018-05-07,290.950012
2018-05-08,291.649994
2018-05-09,292.049988
2018-05-10,292.350006
2018-05-11,293.600006
2018-05-14,294.750000
2018-05-15,298.450012
2018-05-16,307.000000
2018-05-17,308.600006
2018-05-18,309.000000
2018-05-21,311.700012
2018-05-22,309.000000
2018-05-23,303.899994
2018-05-24,305.049988
2018-05-25,305.850006
2018-05-28,303.500000
2018-05-29,297.799988
2018-05-30,299.549988
2018-05-31,297.049988
2018-06-01,301.899994
2018-06-04,304.500000
2018-06-05,309.600006
2018-06-06,306.250000
2018-06-07,296.149994
2018-06-08,300.350006
2018-06-11,301.149994
2018-06-12,295.299988
2018-06-13,295.500000
2018-06-14,302.549988
2018-06-15,301.450012
2018-06-18,296.700012
2018-06-19,289.549988
2018-06-20,286.549988
2018-06-21,285.200012
2018-06-22,287.399994
2018-06-25,278.899994
2018-06-26,281.100006
2018-06-27,283.450012
2018-06-28,280.000000
2018-06-29,285.200012
2018-07-02,281.450012
2018-07-03,285.299988
2018-07-04,284.299988
2018-07-05,283.250000
2018-07-06,287.600006
2018-07-09,290.200012
2018-07-10,293.200012
2018-07-11,286.000000
2018-07-12,289.350006
2018-07-13,295.950012
2018-07-16,292.950012
2018-07-17,295.850006
2018-07-18,298.799988
2018-07-19,295.450012
2018-07-20,296.250000
2018-07-23,293.049988
2018-07-24,301.100006
2018-07-25,306.549988
2018-07-26,306.000000
2018-07-27,301.149994
2018-07-30,298.649994
2018-07-31,298.850006
2018-08-01,298.450012
2018-08-02,294.200012
2018-08-03,295.299988
2018-08-06,298.149994
2018-08-07,303.299988
2018-08-08,299.399994
2018-08-09,303.000000
2018-08-10,295.549988
2018-08-13,297.500000
2018-08-14,300.049988
2018-08-15,291.149994
2018-08-16,297.799988
2018-08-17,296.899994
2018-08-20,299.250000
2018-08-21,298.850006
2018-08-22,300.250000
2018-08-23,299.500000
2018-08-24,299.350006
2018-08-27,302.600006
2018-08-28,308.250000
2018-08-29,309.500000
2018-08-30,310.100006
2018-08-31,302.149994
2018-09-03,302.299988
2018-09-04,291.700012
2018-09-05,281.250000
2018-09-06,280.649994
2018-09-07,284.149994
2018-09-10,284.799988
2018-09-11,283.950012
2018-09-12,290.750000
2018-09-13,290.200012
2018-09-14,292.350006
2018-09-17,288.149994
2018-09-18,288.100006
2018-09-19,290.250000
2018-09-20,296.000000
2018-09-21,305.850006
2018-09-24,305.700012
2018-09-25,303.899994
2018-09-26,305.950012
2018-09-27,307.649994
2018-09-28,304.600006
2018-10-01,306.899994
2018-10-02,300.350006
2018-10-03,302.750000
2018-10-04,287.950012
2018-10-05,286.200012
2018-10-08,281.850006
2018-10-09,285.700012
2018-10-10,265.299988
2018-10-11,261.950012
2018-10-12,262.500000
2018-10-15,260.450012
2018-10-16,264.250000
2018-10-17,264.149994
2018-10-18,260.899994
2018-10-19,263.250000
2018-10-22,263.250000
2018-10-23,258.049988
2018-10-24,259.649994
2018-10-25,265.450012
2018-10-26,262.450012
2018-10-29,261.950012
2018-10-30,259.950012
2018-10-31,268.799988
2018-11-01,269.799988
2018-11-02,279.049988
2018-11-05,277.700012
2018-11-06,273.000000
2018-11-07,276.250000
2018-11-08,271.000000
2018-11-09,266.000000
2018-11-12,263.450012
2018-11-13,269.700012
2018-11-14,268.100006
2018-11-15,265.399994
2018-11-16,264.250000
2018-11-19,259.250000
2018-11-20,253.850006
2018-11-21,260.649994
2018-11-22,258.500000
2018-11-23,258.450012
2018-11-26,256.600006
2018-11-27,254.199997
2018-11-28,256.549988
2018-11-29,256.500000
2018-11-30,252.550003
2018-12-03,265.250000
2018-12-04,261.850006
2018-12-05,259.500000
2018-12-06,247.899994
2018-12-07,249.500000
2018-12-10,243.250000
2018-12-11,249.250000
2018-12-12,254.350006
2018-12-13,255.850006
2018-12-14,251.949997
2018-12-17,250.100006
2018-12-18,252.000000
2018-12-19,252.399994
2018-12-20,250.100006
2018-12-21,253.449997
2018-12-24,245.149994
2018-12-27,247.149994
2018-12-28,252.750000
2018-12-31,258.200012
2019-01-02,253.300003
2019-01-03,243.649994
2019-01-04,251.149994
2019-01-07,250.699997
2019-01-08,258.549988
2019-01-09,261.549988
2019-01-10,259.149994
2019-01-11,258.299988
2019-01-14,251.699997
2019-01-15,250.800003
2019-01-16,248.949997
2019-01-17,246.550003
2019-01-18,253.399994
2019-01-21,257.250000
2019-01-22,257.100006
2019-01-23,257.350006
2019-01-24,257.850006
2019-01-25,261.100006
2019-01-28,258.649994
2019-01-29,259.750000
2019-01-30,277.600006
2019-01-31,279.750000
2019-02-01,284.649994
2019-02-04,282.600006
2019-02-05,291.149994
2019-02-06,288.100006
2019-02-07,283.399994
2019-02-08,283.549988
2019-02-11,288.299988
2019-02-12,294.799988
2019-02-13,294.649994
2019-02-14,290.850006
2019-02-15,294.200012
2019-02-18,295.100006
2019-02-19,297.250000
2019-02-20,296.600006
2019-02-21,296.950012
2019-02-22,299.750000
2019-02-25,302.899994
2019-02-26,304.250000
2019-02-27,302.399994
2019-02-28,302.000000
2019-03-01,306.600006
2019-03-04,308.000000
2019-03-05,309.000000
2019-03-06,306.899994
2019-03-07,306.049988
2019-03-08,305.799988
2019-03-11,306.399994
2019-03-12,308.600006
2019-03-13,310.500000
2019-03-14,315.600006
2019-03-15,318.600006
2019-03-18,317.149994
2019-03-19,320.299988
2019-03-20,318.200012
2019-03-21,317.799988
2019-03-22,313.450012
2019-03-25,317.700012
2019-03-26,322.799988
2019-03-27,322.899994
2019-03-28,324.100006
2019-03-29,327.899994
2019-04-01,333.250000
2019-04-02,334.500000
2019-04-03,334.000000
2019-04-04,333.549988
2019-04-05,336.049988
2019-04-08,332.000000
2019-04-09,327.299988
2019-04-10,329.750000
2019-04-11,344.950012
2019-04-12,342.899994
2019-04-15,342.950012
2019-04-16,346.299988
2019-04-17,350.850006
2019-04-18,352.299988
2019-04-23,349.100006
2019-04-24,350.950012
2019-04-25,347.850006
2019-04-26,346.450012
2019-04-29,345.350006
2019-04-30,349.049988
2019-05-02,351.000000
2019-05-03,355.049988
2019-05-06,344.399994
2019-05-07,335.049988
2019-05-08,339.600006
2019-05-09,331.850006
2019-05-10,333.549988
2019-05-13,323.750000
2019-05-14,334.299988
2019-05-15,337.149994
2019-05-16,341.200012
2019-05-17,340.850006
2019-05-20,330.049988
2019-05-21,335.149994
2019-05-22,336.299988
2019-05-23,334.000000
2019-05-24,336.500000
2019-05-27,338.649994
2019-05-28,342.600006
2019-05-29,338.200012
2019-05-30,341.649994
2019-05-31,338.600006
2019-06-03,340.500000
2019-06-04,342.100006
2019-06-05,349.500000
2019-06-06,350.350006
2019-06-07,357.049988
2019-06-10,358.200012
2019-06-11,359.600006
2019-06-12,356.799988
2019-06-13,355.250000
2019-06-14,354.000000
2019-06-17,358.299988
2019-06-18,368.799988
2019-06-19,366.000000
2019-06-20,370.000000
2019-06-21,368.299988
2019-06-24,371.250000
2019-06-25,371.700012
2019-06-26,367.600006
2019-06-27,368.350006
2019-06-28,374.299988
2019-07-01,374.600006
2019-07-02,377.500000
2019-07-03,380.000000
2019-07-04,381.350006
2019-07-05,380.799988
2019-07-08,383.000000
2019-07-09,383.000000
2019-07-10,381.000000
2019-07-11,383.100006
2019-07-12,384.000000
2019-07-15,380.049988
2019-07-16,385.299988
2019-07-17,382.700012
2019-07-18,382.850006
2019-07-19,382.299988
2019-07-22,384.799988
2019-07-23,383.299988
2019-07-24,380.299988
2019-07-25,376.149994
2019-07-26,385.600006
2019-07-29,378.750000
2019-07-30,374.500000
2019-07-31,375.299988
2019-08-01,379.100006
2019-08-02,358.399994
2019-08-05,343.250000
2019-08-06,350.450012
2019-08-07,357.649994
2019-08-08,368.250000
2019-08-09,364.350006
2019-08-12,356.549988
2019-08-13,359.549988
2019-08-14,348.149994
2019-08-15,345.700012
2019-08-16,348.450012
2019-08-19,356.850006
2019-08-20,355.700012
2019-08-21,369.100006
2019-08-22,361.100006
2019-08-23,355.500000
2019-08-26,353.600006
2019-08-27,359.850006
2019-08-28,355.850006
2019-08-29,361.350006
2019-08-30,362.399994
2019-09-02,362.899994
2019-09-03,355.649994
2019-09-04,368.500000
2019-09-05,376.399994
2019-09-06,379.899994
2019-09-09,378.950012
2019-09-10,373.149994
2019-09-11,378.149994
2019-09-12,379.700012
2019-09-13,382.000000
2019-09-16,367.100006
2019-09-17,367.200012
2019-09-18,364.700012
2019-09-19,367.299988
2019-09-20,370.049988
2019-09-23,366.450012
2019-09-24,370.049988
2019-09-25,361.200012
2019-09-26,360.899994
2019-09-27,360.149994
2019-09-30,364.649994
2019-10-01,357.100006
2019-10-02,344.000000
2019-10-03,346.799988
2019-10-04,349.600006
2019-10-07,353.799988
2019-10-08,351.049988
2019-10-09,357.000000
2019-10-10,376.850006
2019-10-11,378.200012
2019-10-14,379.250000
2019-10-15,380.500000
2019-10-16,378.100006
2019-10-17,374.750000
2019-10-18,375.049988
2019-10-21,374.600006
2019-10-22,376.649994
2019-10-23,375.000000
2019-10-24,377.049988
2019-10-25,383.950012
2019-10-28,382.100006
2019-10-29,380.250000
2019-10-30,384.450012
2019-10-31,382.500000
2019-11-01,389.250000
2019-11-04,397.500000
2019-11-05,400.250000
2019-11-06,399.549988
2019-11-07,404.000000
2019-11-08,403.000000
2019-11-11,403.250000
2019-11-12,403.399994
2019-11-13,401.850006
2019-11-14,403.750000
2019-11-15,405.500000
2019-11-18,402.250000
2019-11-19,398.200012
2019-11-20,398.200012
2019-11-21,394.500000
2019-11-22,396.250000
2019-11-25,404.250000
2019-11-26,407.350006
2019-11-27,408.649994
2019-11-28,406.750000
2019-11-29,407.299988
2019-12-02,396.549988
2019-12-03,390.700012
2019-12-04,396.000000
2019-12-05,396.200012
2019-12-06,401.350006
2019-12-09,399.250000
2019-12-10,396.799988
2019-12-11,399.600006
2019-12-12,398.200012
2019-12-13,403.799988
2019-12-16,409.700012
2019-12-17,402.649994
2019-12-18,400.850006
2019-12-19,402.250000
2019-12-20,410.500000
2019-12-23,413.799988
2019-12-24,414.100006
2019-12-25,414.100006
2019-12-27,417.600006
2019-12-30,414.600006
2019-12-31,414.200012
2020-01-02,419.149994
2020-01-03,419.100006
2020-01-06,415.149994
2020-01-07,416.000000
2020-01-08,418.799988
2020-01-09,424.500000
2020-01-10,423.649994
2020-01-13,426.750000
2020-01-14,431.000000
2020-01-15,431.450012
2020-01-16,431.899994
2020-01-17,439.049988
2020-01-20,429.750000
2020-01-21,424.950012
2020-01-22,423.450012
2020-01-23,411.950012
2020-01-24,416.299988
2020-01-27,401.000000
2020-01-28,412.000000
2020-01-29,407.600006
2020-01-30,398.899994
2020-01-31,395.299988
2020-02-03,396.750000
2020-02-04,410.600006
2020-02-05,415.000000
2020-02-06,418.049988
2020-02-07,413.950012
2020-02-10,413.549988
2020-02-11,412.350006
2020-02-12,424.700012
2020-02-13,421.549988
2020-02-14,414.950012
2020-02-17,414.399994
2020-02-18,408.850006
2020-02-19,419.049988
2020-02-20,409.799988
2020-02-21,404.500000
2020-02-24,385.649994
2020-02-25,380.049988
2020-02-26,385.250000
2020-02-27,369.850006
2020-02-28,370.850006
2020-03-02,376.100006
2020-03-03,377.350006
2020-03-04,385.200012
2020-03-05,374.549988
2020-03-06,360.350006
2020-03-09,338.000000
2020-03-10,334.799988
2020-03-11,330.149994
2020-03-12,301.500000
2020-03-13,314.899994
2020-03-16,297.600006
2020-03-17,311.250000
2020-03-18,287.950012
2020-03-19,294.950012
2020-03-20,311.000000
2020-03-23,311.399994
2020-03-24,339.149994
2020-03-25,363.500000
2020-03-26,363.700012
2020-03-27,341.649994
2020-03-30,350.000000
2020-03-31,338.450012
2020-04-01,324.649994
2020-04-02,325.350006
2020-04-03,325.049988
2020-04-06,339.750000
2020-04-07,344.500000
2020-04-08,343.200012
2020-04-09,347.399994
2020-04-14,352.000000
2020-04-15,342.000000
2020-04-16,342.799988
2020-04-17,358.000000
2020-04-20,360.450012
2020-04-21,350.000000
2020-04-22,353.450012
2020-04-23,348.649994
2020-04-24,340.850006
2020-04-27,350.950012
2020-04-28,357.000000
2020-04-29,359.799988
2020-04-30,352.450012
2020-05-04,338.549988
2020-05-05,342.500000
2020-05-06,336.399994
2020-05-07,345.549988
2020-05-08,352.250000
2020-05-11,348.899994
2020-05-12,346.850006
2020-05-13,335.049988
2020-05-14,331.000000
2020-05-15,330.250000
2020-05-18,350.049988
2020-05-19,357.500000
2020-05-20,361.750000
2020-05-21,359.850006
2020-05-22,355.299988
2020-05-25,361.950012
2020-05-26,365.399994
2020-05-27,373.850006
2020-05-28,386.799988
2020-05-29,375.000000
2020-06-01,378.899994
2020-06-02,384.950012
2020-06-03,393.450012
2020-06-04,390.049988
2020-06-05,404.250000
2020-06-08,396.100006
2020-06-09,395.299988
2020-06-10,398.399994
2020-06-11,375.100006
2020-06-12,379.149994
2020-06-15,371.450012
2020-06-16,376.799988
2020-06-17,379.149994
2020-06-18,377.299988
2020-06-19,380.049988
2020-06-22,378.899994
2020-06-23,390.649994
2020-06-24,381.350006
2020-06-25,383.850006
2020-06-26,387.700012
2020-06-29,389.500000
2020-06-30,390.500000
2020-07-01,391.600006
2020-07-02,401.850006
2020-07-03,396.700012
2020-07-06,404.000000
2020-07-07,402.649994
2020-07-08,399.799988
2020-07-09,400.950012
2020-07-10,400.700012
2020-07-13,408.350006
2020-07-14,404.649994
2020-07-15,412.049988
2020-07-16,408.149994
2020-07-17,410.250000
2020-07-20,412.799988
2020-07-21,409.950012
2020-07-22,404.000000
2020-07-23,403.600006
2020-07-24,399.100006
2020-07-27,401.399994
2020-07-28,385.049988
2020-07-29,387.149994
2020-07-30,373.850006
2020-07-31,366.750000
2020-08-03,372.299988
2020-08-04,371.649994
2020-08-05,376.100006
2020-08-06,374.000000
2020-08-07,374.000000
2020-08-10,371.549988
2020-08-11,382.700012
2020-08-12,391.200012
2020-08-13,391.200012
2020-08-14,386.049988
2020-08-17,387.750000
2020-08-18,386.049988
2020-08-19,387.200012
2020-08-20,383.350006
2020-08-21,385.450012
2020-08-24,393.450012
2020-08-25,397.049988
2020-08-26,403.000000
2020-08-27,401.000000
2020-08-28,396.350006
2020-08-31,392.799988
2020-09-01,396.700012
2020-09-02,407.250000
2020-09-03,408.399994
2020-09-04,402.850006
2020-09-07,408.799988
2020-09-08,404.399994
2020-09-09,404.049988
2020-09-10,404.350006
2020-09-11,416.600006
2020-09-14,420.250000
2020-09-15,424.000000
2020-09-16,426.149994
2020-09-17,420.000000
2020-09-18,413.850006
2020-09-21,395.549988
2020-09-22,391.049988
2020-09-23,400.100006
2020-09-24,401.799988
2020-09-25,400.200012
2020-09-28,405.899994
2020-09-29,409.950012
2020-09-30,399.399994
2020-10-01,409.700012
2020-10-02,407.649994
2020-10-05,412.549988
2020-10-06,411.200012
2020-10-07,410.750000
2020-10-08,407.200012
2020-10-09,411.899994
2020-10-12,418.250000
2020-10-13,416.750000
2020-10-14,412.200012
2020-10-15,403.000000
2020-10-16,432.600006
2020-10-19,432.299988
2020-10-20,430.200012
2020-10-21,427.799988
2020-10-22,427.200012
2020-10-23,428.000000
2020-10-26,421.750000
2020-10-27,418.850006
2020-10-28,402.149994
2020-10-29,403.799988
2020-10-30,402.299988
2020-11-02,405.649994
2020-11-03,408.950012
2020-11-04,421.799988
2020-11-05,436.750000
2020-11-06,435.500000
2020-11-09,468.850006
2020-11-10,474.000000
2020-11-11,487.399994
2020-11-12,472.850006
2020-11-13,469.750000
2020-11-16,477.299988
2020-11-17,475.000000
2020-11-18,486.149994
2020-11-19,488.649994
2020-11-20,492.549988
2020-11-23,492.500000
2020-11-24,494.850006
2020-11-25,494.200012
2020-11-26,495.750000
2020-11-27,496.000000
2020-11-30,482.899994
2020-12-01,496.750000
2020-12-02,497.850006
2020-12-03,498.000000
2020-12-04,492.250000
2020-12-07,493.700012
2020-12-08,494.450012
2020-12-09,498.000000
2020-12-10,501.000000
2020-12-11,500.399994
2020-12-14,509.200012
2020-12-15,507.200012
2020-12-16,505.000000
2020-12-17,502.899994
2020-12-18,499.549988
2020-12-21,490.200012
2020-12-22,492.299988
2020-12-23,496.100006
2020-12-24,496.450012
2020-12-28,504.000000
2020-12-29,512.799988
2020-12-30,513.099976
2020-12-31,510.899994
2021-01-04,512.099976
2021-01-05,506.200012
2021-01-06,502.299988
2021-01-07,515.299988
2021-01-08,525.299988
2021-01-11,522.400024
2021-01-12,515.799988
2021-01-13,512.099976
2021-01-14,508.000000
2021-01-15,493.950012
2021-01-18,499.649994
2021-01-19,491.049988
2021-01-20,507.700012
2021-01-21,507.600006
2021-01-22,511.500000
2021-01-25,501.899994
2021-01-26,508.000000
2021-01-27,506.399994
2021-01-28,517.000000
2021-01-29,498.299988
2021-02-01,507.700012
2021-02-02,524.900024
2021-02-03,524.500000
2021-02-04,525.099976
2021-02-05,528.700012
2021-02-08,527.900024
2021-02-09,537.000000
2021-02-10,529.500000
2021-02-11,531.500000
2021-02-12,529.299988
2021-02-15,535.900024
2021-02-16,539.799988
2021-02-17,535.000000
2021-02-18,534.000000
2021-02-19,541.799988
2021-02-22,542.900024
2021-02-23,539.400024
2021-02-24,532.799988
2021-02-25,531.000000
2021-02-26,525.000000
2021-03-01,537.099976
2021-03-02,539.299988
2021-03-03,543.799988
2021-03-04,533.900024
2021-03-05,523.200012
2021-03-08,534.900024
2021-03-09,540.700012
2021-03-10,553.000000
2021-03-11,564.500000
2021-03-12,563.400024
2021-03-15,558.200012
2021-03-16,560.299988
2021-03-17,568.200012
2021-03-18,566.299988
2021-03-19,557.400024
2021-03-22,556.599976
2021-03-23,554.200012
2021-03-24,553.400024
2021-03-25,555.599976
2021-03-26,554.900024
2021-03-29,554.900024
2021-03-30,573.500000
2021-03-31,568.099976
2021-04-01,571.700012
2021-04-06,576.799988
2021-04-07,577.200012
2021-04-08,586.099976
2021-04-09,588.299988
2021-04-12,589.700012
2021-04-13,594.799988
2021-04-14,611.799988
2021-04-15,616.700012
2021-04-16,630.000000
2021-04-19,624.900024
2021-04-20,605.299988
2021-04-21,624.599976
2021-04-22,632.000000
2021-04-23,628.099976
2021-04-26,625.799988
2021-04-27,632.700012
2021-04-28,633.200012
2021-04-29,635.700012
2021-04-30,626.200012
2021-05-03,630.599976
2021-05-04,618.900024
2021-05-05,631.799988
2021-05-06,625.299988
2021-05-07,631.400024
2021-05-10,625.000000
2021-05-11,612.299988
2021-05-12,610.200012
2021-05-13,616.000000
2021-05-14,628.099976
2021-05-17,624.000000
2021-05-18,623.000000
2021-05-19,619.099976
2021-05-20,628.900024
2021-05-21,631.599976
2021-05-24,637.500000
2021-05-25,639.700012
2021-05-26,640.599976
2021-05-27,648.400024
2021-05-28,655.799988
2021-05-31,652.000000
2021-06-01,657.099976
2021-06-02,661.000000
2021-06-03,654.299988
2021-06-04,651.200012
2021-06-07,657.299988
2021-06-08,659.700012
2021-06-09,662.500000
2021-06-10,657.700012
2021-06-11,668.099976
2021-06-14,672.599976
2021-06-15,677.799988
2021-06-16,682.299988
2021-06-17,687.299988
2021-06-18,681.099976
2021-06-21,680.099976
2021-06-22,681.200012
2021-06-23,669.099976
2021-06-24,673.200012
2021-06-25,673.599976
2021-06-28,667.599976
2021-06-29,674.000000
2021-06-30,661.299988
2021-07-01,663.900024
2021-07-02,663.400024
2021-07-05,660.700012
2021-07-06,655.799988
2021-07-07,660.400024
2021-07-08,639.200012
2021-07-09,662.400024
2021-07-12,666.000000
2021-07-13,670.700012
2021-07-14,671.599976
2021-07-15,663.200012
2021-07-16,654.299988
2021-07-19,639.900024
2021-07-20,645.099976
2021-07-21,659.200012
2021-07-22,660.400024
2021-07-23,674.000000
2021-07-26,673.400024
2021-07-27,669.599976
2021-07-28,688.200012
2021-07-29,684.000000
2021-07-30,673.900024
2021-08-02,687.000000
2021-08-03,695.900024
2021-08-04,694.700012
2021-08-05,697.400024
2021-08-06,697.400024
2021-08-09,697.400024
2021-08-10,701.599976
2021-08-11,704.799988
2021-08-12,712.000000
2021-08-13,709.799988
2021-08-16,694.900024
2021-08-17,690.500000
2021-08-18,654.900024
2021-08-19,613.099976
2021-08-20,620.000000
2021-08-23,636.599976
2021-08-24,624.299988
2021-08-25,622.099976
2021-08-26,621.599976
2021-08-27,623.099976
2021-08-30,625.000000
2021-08-31,626.799988
2021-09-01,646.799988
2021-09-02,647.000000
2021-09-03,634.900024
2021-09-06,648.700012
2021-09-07,653.000000
2021-09-08,648.700012
2021-09-09,658.400024
2021-09-10,663.500000
2021-09-13,657.000000
2021-09-14,646.799988
2021-09-15,621.200012
2021-09-16,628.000000
2021-09-17,631.000000
2021-09-20,618.700012
2021-09-21,636.000000
2021-09-22,643.299988
2021-09-23,654.099976
2021-09-24,642.900024
2021-09-27,637.500000
2021-09-28,617.900024
2021-09-29,625.500000
2021-09-30,620.099976
2021-10-01,630.000000
2021-10-04,621.099976
2021-10-05,632.500000
2021-10-06,624.799988
2021-10-07,637.900024
2021-10-08,627.700012
2021-10-11,631.700012
2021-10-12,633.900024
2021-10-13,653.900024
2021-10-14,667.200012
2021-10-15,664.799988
2021-10-18,650.000000
2021-10-19,646.000000
2021-10-20,656.099976
2021-10-21,659.700012
2021-10-22,667.299988
2021-10-25,659.799988
2021-10-26,665.000000
2021-10-27,664.299988
2021-10-28,671.700012
2021-10-29,677.200012
2021-11-01,683.400024
2021-11-02,684.799988
2021-11-03,682.500000
2021-11-04,692.500000
2021-11-05,708.900024
2021-11-08,707.400024
2021-11-09,707.299988
2021-11-10,698.599976
2021-11-11,705.400024
2021-11-12,722.900024
2021-11-15,720.799988
2021-11-16,729.700012
2021-11-17,726.099976
2021-11-18,728.500000
2021-11-19,733.500000
2021-11-22,728.299988
2021-11-23,718.099976
2021-11-24,726.099976
2021-11-25,734.700012
2021-11-26,692.000000
2021-11-29,697.200012
2021-11-30,686.599976
2021-12-01,697.500000
2021-12-02,686.599976
2021-12-03,685.000000
2021-12-06,690.099976
2021-12-07,725.000000
2021-12-08,714.700012
2021-12-09,715.000000
2021-12-10,710.000000
2021-12-13,709.000000
2021-12-14,701.599976
2021-12-15,711.900024
2021-12-16,713.299988
2021-12-17,699.000000
2021-12-20,697.799988
2021-12-21,701.500000
2021-12-22,715.400024
2021-12-23,722.000000
2021-12-24,717.400024
2021-12-27,726.299988
2021-12-28,730.799988
2021-12-29,727.900024
2021-12-30,730.000000
2021-12-31,727.000000
2022-01-03,731.000000
2022-01-04,744.000000
2022-01-05,758.000000
2022-01-06,727.099976
2022-01-07,715.799988
2022-01-10,702.700012
2022-01-11,710.000000
2022-01-12,708.700012
2022-01-13,690.000000
2022-01-14,675.400024
2022-01-17,686.400024
2022-01-18,673.000000
2022-01-19,697.700012
2022-01-20,703.900024
2022-01-21,697.200012
2022-01-24,662.799988
2022-01-25,667.000000
2022-01-26,683.599976
2022-01-27,694.000000
2022-01-28,716.400024
2022-01-31,722.599976
2022-02-01,732.200012
2022-02-02,729.299988
2022-02-03,711.700012
2022-02-04,706.099976
2022-02-07,716.099976
2022-02-08,706.099976
2022-02-09,716.599976
2022-02-10,706.200012
2022-02-11,685.000000
2022-02-14,670.000000
2022-02-15,694.000000
2022-02-16,687.599976
2022-02-17,684.099976
2022-02-18,686.299988
2022-02-21,672.200012
2022-02-22,669.200012
2022-02-23,665.799988
2022-02-24,635.900024
2022-02-25,666.599976
2022-02-28,659.900024
2022-03-01,625.799988
2022-03-02,638.000000
2022-03-03,617.400024
2022-03-04,577.799988
2022-03-07,567.799988
2022-03-08,550.099976
2022-03-09,602.599976
2022-03-10,587.900024
2022-03-11,594.900024
2022-03-14,598.700012
2022-03-15,590.000000
2022-03-16,628.900024
2022-03-17,629.799988
2022-03-18,639.400024
2022-03-21,633.200012
2022-03-22,643.900024
2022-03-23,624.299988
2022-03-24,624.700012
2022-03-25,626.000000
2022-03-28,635.700012
2022-03-29,671.799988
2022-03-30,660.500000
2022-03-31,649.400024
2022-04-01,649.599976
2022-04-04,663.900024
2022-04-05,660.900024
2022-04-06,636.200012
2022-04-07,624.000000
2022-04-08,631.700012
2022-04-11,619.900024
2022-04-12,630.900024
2022-04-13,634.099976
2022-04-14,640.000000
2022-04-19,634.099976
2022-04-20,642.299988
2022-04-21,653.400024
2022-04-22,639.599976
2022-04-25,615.599976
2022-04-26,607.299988
2022-04-27,616.599976
2022-04-28,617.200012
2022-04-29,619.500000
2022-05-02,606.599976
2022-05-03,600.500000
2022-05-04,593.299988
2022-05-05,574.000000
2022-05-06,561.900024
2022-05-09,542.599976
2022-05-10,549.500000
2022-05-11,573.000000
2022-05-12,565.400024
2022-05-13,581.299988
2022-05-16,575.000000
2022-05-17,590.099976
2022-05-18,578.500000
2022-05-19,568.500000
2022-05-20,556.599976
2022-05-23,560.900024
2022-05-24,551.799988
2022-05-25,551.000000
2022-05-26,571.200012
2022-05-27,593.400024
2022-05-30,608.599976
2022-05-31,597.200012
2022-06-01,597.799988
2022-06-02,608.099976
2022-06-03,609.099976
2022-06-06,613.799988
2022-06-07,608.400024
2022-06-08,601.700012
2022-06-09,587.599976
2022-06-10,572.900024
2022-06-13,550.000000
2022-06-14,544.000000
2022-06-15,551.799988
2022-06-16,539.400024
2022-06-17,544.700012
2022-06-20,542.500000
2022-06-21,553.500000
2022-06-22,551.700012
2022-06-23,566.000000
2022-06-24,587.400024
2022-06-27,580.200012
2022-06-28,589.099976
2022-06-29,589.000000
2022-06-30,581.700012
2022-07-01,580.000000
2022-07-04,585.299988
2022-07-05,572.000000
2022-07-06,597.599976
2022-07-07,607.599976
2022-07-08,606.900024
2022-07-11,604.299988
2022-07-12,610.700012
2022-07-13,606.200012
2022-07-14,606.400024
2022-07-15,608.400024
2022-07-18,614.299988
2022-07-19,628.099976
2022-07-20,625.700012
2022-07-21,633.299988
2022-07-22,634.700012
2022-07-25,637.400024
2022-07-26,625.200012
2022-07-27,636.000000
2022-07-28,662.900024
2022-07-29,675.000000
2022-08-01,688.299988
2022-08-02,679.000000
2022-08-03,685.599976
2022-08-04,693.000000
2022-08-05,682.200012
2022-08-08,689.099976
2022-08-09,679.500000
2022-08-10,690.000000
2022-08-11,693.599976
2022-08-12,694.500000
2022-08-15,699.500000
2022-08-16,698.900024
2022-08-17,700.400024
2022-08-18,706.900024
2022-08-19,698.299988
2022-08-22,682.599976
2022-08-23,679.799988
2022-08-24,686.799988
2022-08-25,687.700012
2022-08-26,669.000000
2022-08-29,662.900024
2022-08-30,661.799988
2022-08-31,647.500000
2022-09-01,632.799988
2022-09-02,644.599976
2022-09-05,635.000000
2022-09-06,638.099976
2022-09-07,641.400024
2022-09-08,643.500000
2022-09-09,652.299988
2022-09-12,658.900024
2022-09-13,650.900024
2022-09-14,654.200012
2022-09-15,641.400024
2022-09-16,639.500000
2022-09-19,641.000000
2022-09-20,634.000000
2022-09-21,643.599976
2022-09-22,624.900024
2022-09-23,603.200012
2022-09-26,606.799988
2022-09-27,604.200012
2022-09-28,613.200012
2022-09-29,608.000000
2022-09-30,610.400024
2022-10-03,608.000000
2022-10-04,646.799988
2022-10-05,637.299988
2022-10-06,635.099976
2022-10-07,618.200012
2022-10-10,610.500000
2022-10-11,610.500000
2022-10-12,621.900024
2022-10-13,617.500000
2022-10-14,625.200012
2022-10-17,637.700012
2022-10-18,636.099976
2022-10-19,625.000000
2022-10-20,634.000000
2022-10-21,631.500000
2022-10-24,635.900024
2022-10-25,658.000000
2022-10-26,663.000000
2022-10-27,655.400024
2022-10-28,649.299988
2022-10-31,639.000000
2022-11-01,650.799988
2022-11-02,636.700012
2022-11-03,630.000000
2022-11-04,666.200012
2022-11-07,656.000000
2022-11-08,657.500000
2022-11-09,658.000000
2022-11-10,686.799988
2022-11-11,706.200012
2022-11-14,700.700012
2022-11-15,704.200012
2022-11-16,698.599976
2022-11-17,696.799988
2022-11-18,698.200012
2022-11-21,699.299988
2022-11-22,697.900024
2022-11-23,701.900024
2022-11-24,702.200012
2022-11-25,700.200012
2022-11-28,698.700012
2022-11-29,702.000000
2022-11-30,737.299988
2022-12-01,721.000000
2022-12-02,715.299988
2022-12-05,714.500000
2022-12-06,714.200012
2022-12-07,712.799988
2022-12-08,719.000000
2022-12-09,720.299988
2022-12-12,716.200012
2022-12-13,726.700012
2022-12-14,727.400024
2022-12-15,701.599976
2022-12-16,693.799988
2022-12-19,687.299988
2022-12-20,682.900024
2022-12-21,691.500000
2022-12-22,684.000000
2022-12-23,673.799988
2022-12-27,690.200012
2022-12-28,686.599976
2022-12-29,696.500000
2022-12-30,679.900024
2023-01-02,694.099976
2023-01-03,702.799988
2023-01-04,738.000000
2023-01-05,728.400024
2023-01-06,748.799988
2023-01-09,759.599976
2023-01-10,756.299988
2023-01-11,772.299988
2023-01-12,773.700012
2023-01-13,785.299988
2023-01-16,792.700012
2023-01-17,797.400024
2023-01-18,801.900024
2023-01-19,776.599976
2023-01-20,782.799988
2023-01-23,788.099976
2023-01-24,794.799988
2023-01-25,792.299988
2023-01-26,801.599976
2023-01-27,801.000000
2023-01-30,798.799988
2023-01-31,800.000000
2023-02-01,795.500000
2023-02-02,809.099976
2023-02-03,829.400024
2023-02-06,814.200012
2023-02-07,807.400024
2023-02-08,800.099976
2023-02-09,809.200012
2023-02-10,797.599976
2023-02-13,810.299988
2023-02-14,810.500000
2023-02-15,822.599976
2023-02-16,823.299988
2023-02-17,818.400024
2023-02-20,813.599976
2023-02-21,808.900024
2023-02-22,809.500000
2023-02-23,809.000000
2023-02-24,777.299988
2023-02-27,794.799988
2023-02-28,789.000000
2023-03-01,792.200012
2023-03-02,804.299988
2023-03-03,815.099976
2023-03-06,825.000000
2023-03-07,816.099976
2023-03-08,810.400024
2023-03-09,805.200012
2023-03-10,802.599976
2023-03-13,781.700012
2023-03-14,800.500000
2023-03-15,774.700012
2023-03-16,801.700012
2023-03-17,787.299988
2023-03-20,804.500000
2023-03-21,806.700012
2023-03-22,814.900024
2023-03-23,820.799988
2023-03-24,813.400024
2023-03-27,817.000000
2023-03-28,814.200012
2023-03-29,822.000000
2023-03-30,827.000000
2023-03-31,844.400024
2023-04-03,844.099976
2023-04-04,851.000000
2023-04-05,844.599976
2023-04-06,829.099976
2023-04-11,840.700012
2023-04-12,836.599976
2023-04-13,883.900024
2023-04-14,892.799988
2023-04-17,873.599976
2023-04-18,877.500000
2023-04-19,885.000000
2023-04-20,896.500000
2023-04-21,901.099976
2023-04-24,902.000000
2023-04-25,889.400024
2023-04-26,875.400024
2023-04-27,877.099976
2023-04-28,871.000000
2023-05-02,868.700012
2023-05-03,879.200012
2023-05-04,873.700012
2023-05-05,876.900024
2023-05-08,884.500000
2023-05-09,880.400024
2023-05-10,872.299988
2023-05-11,887.599976
2023-05-12,885.400024
2023-05-15,881.099976
2023-05-16,876.000000
2023-05-17,874.400024
2023-05-18,872.500000
2023-05-19,874.299988
2023-05-22,878.200012
2023-05-23,834.200012
2023-05-24,817.099976
2023-05-25,823.400024
2023-05-26,843.500000
2023-05-29,840.000000
2023-05-30,836.000000
2023-05-31,813.900024
2023-06-01,805.799988
2023-06-02,830.900024
2023-06-05,814.000000
2023-06-06,812.299988
2023-06-07,812.700012
2023-06-08,818.000000
2023-06-09,820.000000
2023-06-12,834.799988
2023-06-13,841.900024
2023-06-14,850.000000
2023-06-15,843.700012
2023-06-16,868.599976
2023-06-19,853.400024
2023-06-20,846.000000
2023-06-21,838.299988
2023-06-22,839.200012
2023-06-23,830.099976
2023-06-26,835.000000
2023-06-27,839.599976
2023-06-28,849.700012
2023-06-29,855.000000
2023-06-30,863.000000
2023-07-03,854.900024
2023-07-04,856.700012
2023-07-05,847.500000
2023-07-06,816.000000
2023-07-07,825.400024
2023-07-10,830.900024
2023-07-11,849.299988
2023-07-12,866.700012
2023-07-13,877.299988
2023-07-14,892.299988
2023-07-17,859.000000
2023-07-18,859.299988
2023-07-19,850.400024
2023-07-20,854.000000
2023-07-21,867.900024
2023-07-24,857.599976
2023-07-25,854.000000
2023-07-26,810.000000
2023-07-27,840.299988
2023-07-28,841.200012
2023-07-31,848.099976
2023-08-01,829.000000
2023-08-02,813.500000
2023-08-03,811.200012
2023-08-04,816.000000
2023-08-07,817.400024
2023-08-08,807.200012
2023-08-09,807.000000
2023-08-10,834.700012
2023-08-11,820.400024
2023-08-14,816.200012
2023-08-15,804.099976
2023-08-16,802.900024
2023-08-17,785.099976
2023-08-18,776.900024
2023-08-21,783.900024
2023-08-22,790.200012
2023-08-23,790.400024
2023-08-24,783.700012
2023-08-25,785.299988
2023-08-28,798.500000
2023-08-29,810.000000
2023-08-30,804.000000
2023-08-31,782.200012
2023-09-01,775.799988
2023-09-04,772.599976
2023-09-05,759.099976
2023-09-06,731.500000
2023-09-07,724.099976
2023-09-08,740.000000
2023-09-11,742.200012
2023-09-12,734.400024
2023-09-13,729.599976
2023-09-14,742.599976
2023-09-15,761.200012
2023-09-18,742.500000
2023-09-19,736.799988
2023-09-20,736.700012
2023-09-21,729.299988
2023-09-22,732.299988
2023-09-25,713.299988
2023-09-26,703.000000
2023-09-27,698.700012
2023-09-28,706.000000
2023-09-29,716.400024
2023-10-02,714.900024
2023-10-03,705.299988
2023-10-04,712.500000
2023-10-05,720.599976
2023-10-06,729.700012
2023-10-09,710.700012
2023-10-10,733.500000
2023-10-11,686.099976
2023-10-12,675.000000
2023-10-13,660.599976
2023-10-16,667.099976
2023-10-17,668.400024
2023-10-18,667.700012
2023-10-19,670.599976
2023-10-20,664.000000
2023-10-23,669.400024
2023-10-24,681.000000
2023-10-25,679.099976
2023-10-26,668.400024
2023-10-27,661.400024
2023-10-30,671.000000
2023-10-31,674.500000
2023-11-01,675.299988
2023-11-02,701.099976
2023-11-03,702.799988
2023-11-06,697.200012
2023-11-07,697.500000
2023-11-08,703.500000
2023-11-09,714.400024
2023-11-10,687.099976
2023-11-13,688.500000
2023-11-14,706.900024
2023-11-15,719.000000
2023-11-16,706.099976
2023-11-17,711.599976
2023-11-20,717.700012
2023-11-21,704.099976
2023-11-22,712.299988
2023-11-23,711.599976
2023-11-24,706.900024
2023-11-27,697.299988
2023-11-28,684.500000
2023-11-29,690.500000
2023-11-30,702.700012
2023-12-01,699.200012
2023-12-04,698.700012
2023-12-05,713.200012
2023-12-06,718.599976
2023-12-07,715.599976
2023-12-08,739.099976
2023-12-11,740.000000
2023-12-12,733.599976
2023-12-13,734.500000
2023-12-14,746.799988
2023-12-15,748.400024
2023-12-18,741.799988
2023-12-19,745.500000
2023-12-20,746.900024
2023-12-21,743.400024
2023-12-22,737.700012
2023-12-27,735.400024
2023-12-28,731.000000
2023-12-29,733.599976
2024-01-02,723.000000
2024-01-03,695.400024
2024-01-04,697.799988
2024-01-05,688.900024
2024-01-08,691.299988
2024-01-09,680.700012
2024-01-10,683.000000
2024-01-11,672.200012
2024-01-12,669.900024
2024-01-15,669.200012
2024-01-16,666.299988
2024-01-17,647.400024
2024-01-18,663.400024
2024-01-19,659.400024
2024-01-22,662.900024
2024-01-23,670.400024
2024-01-24,683.400024
2024-01-25,685.299988
2024-01-26,773.099976
2024-01-29,776.299988
2024-01-30,782.000000
2024-01-31,773.599976
2024-02-01,770.599976
2024-02-02,778.099976
2024-02-05,780.700012
2024-02-06,779.500000
2024-02-07,784.099976
2024-02-08,804.500000
2024-02-09,807.500000
2024-02-12,821.900024
2024-02-13,800.799988
2024-02-14,802.599976
2024-02-15,815.599976
2024-02-16,815.799988
2024-02-19,821.900024
2024-02-20,820.200012
2024-02-21,821.599976
2024-02-22,840.400024
2024-02-23,850.099976
2024-02-26,842.200012
2024-02-27,850.400024
2024-02-28,847.700012
2024-02-29,842.799988
2024-03-01,846.400024
2024-03-04,839.799988
2024-03-05,829.099976
2024-03-06,832.599976
2024-03-07,839.799988
2024-03-08,844.900024
2024-03-11,850.400024
2024-03-12,859.000000
2024-03-13,867.200012
2024-03-14,872.799988
2024-03-15,862.299988
2024-03-18,858.099976
2024-03-19,860.200012
2024-03-20,846.200012
2024-03-21,847.900024
2024-03-22,828.599976
2024-03-25,825.500000
2024-03-26,821.799988
2024-03-27,830.299988
2024-03-28,833.700012
2024-04-02,821.799988
2024-04-03,816.000000
2024-04-04,819.400024
2024-04-05,799.799988
2024-04-08,807.299988
2024-04-09,795.200012
2024-04-10,793.000000
2024-04-11,790.500000
2024-04-12,781.200012
2024-04-15,794.799988
2024-04-16,781.799988
2024-04-17,804.000000
2024-04-18,796.799988
2024-04-19,796.599976
2024-04-22,796.799988
2024-04-23,799.599976
2024-04-24,800.200012
2024-04-25,778.000000
2024-04-26,792.200012
2024-04-29,779.200012
2024-04-30,774.400024
2024-05-02,767.000000
2024-05-03,782.000000
2024-05-06,781.700012
2024-05-07,789.400024
2024-05-08,787.900024
2024-05-09,789.000000
2024-05-10,788.400024
2024-05-13,782.599976
2024-05-14,791.900024
2024-05-15,789.000000
2024-05-16,786.000000
2024-05-17,783.200012
2024-05-20,779.099976
2024-05-21,768.099976
2024-05-22,751.900024
2024-05-23,752.799988
2024-05-24,750.000000
2024-05-27,756.200012
2024-05-28,745.400024
2024-05-29,724.200012
2024-05-30,734.400024
2024-05-31,734.900024
2024-06-03,738.000000
2024-06-04,735.000000
2024-06-05,752.599976
2024-06-06,762.700012
2024-06-07,762.500000
2024-06-10,746.299988
2024-06-11,736.599976
2024-06-12,735.400024
2024-06-13,731.500000
2024-06-14,711.400024
2024-06-17,717.400024
2024-06-18,710.099976
2024-06-19,707.000000
2024-06-20,713.599976
2024-06-21,717.299988
2024-06-24,726.500000
2024-06-25,736.799988
2024-06-26,727.000000
2024-06-27,715.500000
2024-06-28,713.599976
2024-07-01,712.000000
2024-07-02,709.599976
2024-07-03,714.799988
2024-07-04,719.799988
2024-07-05,716.400024
2024-07-08,695.700012
2024-07-09,686.900024
2024-07-10,697.599976
2024-07-11,710.000000
2024-07-12,724.799988
2024-07-15,705.599976
2024-07-16,692.099976
2024-07-17,690.200012
2024-07-18,690.299988
2024-07-19,679.799988
2024-07-22,692.099976
2024-07-23,691.599976
2024-07-24,659.400024
2024-07-25,652.599976
2024-07-26,663.099976
2024-07-29,654.700012
2024-07-30,652.400024
2024-07-31,653.000000
2024-08-01,642.000000
2024-08-02,630.500000
2024-08-05,624.299988
2024-08-06,621.900024
2024-08-07,631.400024
2024-08-08,633.299988
2024-08-09,636.000000
2024-08-12,635.099976
2024-08-13,634.200012
2024-08-14,644.200012
2024-08-15,656.000000
2024-08-16,658.099976
2024-08-19,674.500000
2024-08-20,677.799988
2024-08-21,678.799988
2024-08-22,678.000000
2024-08-23,681.099976
2024-08-26,682.000000
2024-08-27,669.799988
2024-08-28,666.200012
2024-08-29,677.400024
2024-08-30,674.299988
2024-09-02,673.200012
2024-09-03,670.900024
2024-09-04,642.599976
2024-09-05,619.200012
2024-09-06,612.000000
2024-09-09,616.200012
2024-09-10,612.400024
2024-09-11,607.000000
2024-09-12,606.799988
2024-09-13,608.099976
2024-09-16,603.599976
2024-09-17,607.700012
2024-09-18,595.900024
2024-09-19,614.000000
2024-09-20,591.900024
2024-09-23,595.099976
2024-09-24,614.099976
2024-09-25,617.500000
2024-09-26,678.500000
2024-09-27,703.400024
2024-09-30,688.500000
2024-10-01,664.000000
2024-10-02,668.400024
2024-10-03,661.000000
2024-10-04,661.900024
2024-10-07,679.799988
2024-10-08,655.500000
2024-10-09,656.400024
2024-10-10,655.000000
2024-10-11,653.099976
2024-10-14,637.799988
2024-10-15,625.400024
2024-10-16,602.400024
2024-10-17,609.400024
2024-10-18,623.200012
2024-10-21,611.000000
2024-10-22,616.000000
2024-10-23,613.599976
2024-10-24,628.700012
2024-10-25,627.000000
2024-10-28,632.099976
2024-10-29,630.900024
2024-10-30,618.099976
2024-10-31,609.799988
2024-11-01,611.000000
2024-11-04,606.700012
2024-11-05,602.599976
2024-11-06,603.099976
2024-11-07,619.000000
2024-11-08,598.400024
2024-11-11,599.500000
2024-11-12,572.400024
2024-11-13,574.000000
2024-11-14,584.400024
2024-11-15,586.299988
2024-11-18,588.599976
2024-11-19,577.299988
2024-11-20,575.400024
2024-11-21,574.900024
2024-11-22,583.000000
2024-11-25,592.500000
2024-11-26,596.000000
2024-11-27,590.099976
2024-11-28,586.500000
2024-11-29,592.500000
2024-12-02,606.099976
2024-12-03,609.200012
2024-12-04,610.200012
2024-12-05,609.200012
2024-12-06,630.400024
2024-12-09,652.599976
2024-12-10,636.000000
2024-12-11,643.799988
2024-12-12,646.000000
2024-12-13,639.000000
2024-12-16,631.200012
2024-12-17,635.599976
2024-12-18,636.500000
2024-12-19,627.500000
2024-12-20,628.099976
2024-12-23,629.200012
2024-12-24,630.799988
2024-12-27,635.599976
2024-12-30,629.299988
2024-12-31,635.500000
2025-01-02,635.400024
2025-01-03,611.299988
2025-01-06,634.599976
2025-01-07,644.500000
2025-01-08,635.700012
2025-01-09,648.000000
2025-01-10,645.000000
2025-01-13,646.400024
2025-01-14,651.000000
2025-01-15,637.200012
2025-01-16,695.500000
2025-01-17,690.099976
2025-01-20,683.099976
2025-01-21,701.299988
2025-01-22,713.799988
2025-01-23,720.599976
2025-01-24,734.099976
2025-01-27,754.799988
2025-01-28,750.599976
2025-01-29,713.200012
2025-01-30,715.799988
2025-01-31,703.500000
2025-02-03,690.099976
2025-02-04,692.700012
2025-02-05,686.000000
2025-02-06,696.900024
2025-02-07,684.200012
2025-02-10,685.299988
2025-02-11,685.200012
2025-02-12,687.799988
2025-02-13,707.200012
2025-02-14,713.000000
2025-02-17,701.500000
2025-02-18,705.099976
2025-02-19,690.900024
2025-02-20,695.500000
2025-02-21,702.400024
2025-02-24,692.099976
2025-02-25,684.200012
2025-02-26,700.299988
2025-02-27,693.099976
2025-02-28,694.900024
2025-03-03,690.799988
2025-03-04,667.400024
2025-03-05,664.299988
2025-03-06,653.000000
2025-03-07,634.700012
2025-03-10,630.299988
2025-03-11,620.799988
2025-03-12,611.799988
2025-03-13,605.000000
2025-03-14,605.099976
2025-03-17,609.700012
2025-03-18,610.000000
2025-03-19,610.599976
2025-03-20,604.500000
2025-03-21,602.500000
2025-03-24,596.299988
2025-03-25,598.299988
2025-03-26,594.500000
2025-03-27,589.099976
2025-03-28,587.099976
2025-03-31,571.700012
2025-04-01,575.099976
2025-04-02,575.200012
2025-04-03,542.900024
2025-04-04,530.000000
2025-04-07,507.600006
2025-04-08,519.799988
2025-04-09,498.399994
2025-04-10,524.200012
2025-04-11,524.400024
2025-04-14,530.099976
2025-04-15,488.649994
2025-04-16,485.200012
2025-04-17,485.600006
2025-04-22,487.299988
2025-04-23,500.299988
2025-04-24,499.700012
2025-04-25,498.799988
2025-04-28,502.000000
2025-04-29,489.299988
2025-04-30,487.899994
2025-05-02,495.850006
2025-05-05,492.250000
2025-05-06,489.100006
2025-05-07,483.500000
2025-05-08,487.299988
2025-05-09,495.750000
2025-05-12,530.500000
2025-05-13,536.900024
2025-05-14,525.200012
2025-05-15,507.299988
2025-05-16,503.899994
2025-05-19,498.600006
2025-05-20,504.899994
2025-05-21,493.649994
2025-05-22,485.100006
2025-05-23,479.000000
2025-05-26,483.450012
2025-05-27,481.899994
2025-05-28,483.649994
2025-05-29,481.250000
2025-05-30,478.250000
2025-06-02,477.200012
2025-06-03,473.600006
2025-06-04,476.649994
2025-06-05,470.100006
2025-06-06,471.250000
2025-06-09,471.549988
2025-06-10,474.850006
2025-06-11,470.600006
2025-06-12,468.850006
2025-06-13,461.399994
2025-06-16,467.350006
2025-06-17,460.700012
2025-06-18,464.049988
2025-06-19,452.549988
2025-06-20,449.950012
2025-06-23,449.799988
2025-06-24,453.549988
2025-06-25,444.799988
2025-06-26,437.549988
2025-06-27,449.299988
2025-06-30,444.600006
2025-07-01,469.049988
2025-07-02,488.500000
2025-07-03,485.899994
2025-07-04,477.350006
2025-07-07,475.350006
2025-07-08,482.649994
2025-07-09,487.850006
2025-07-10,505.000000
2025-07-11,487.700012
2025-07-14,479.549988
2025-07-15,477.350006
2025-07-16,475.600006
2025-07-17,476.850006
2025-07-18,472.750000
2025-07-21,468.799988
2025-07-22,465.549988
2025-07-23,479.950012
2025-07-24,470.250000
2025-07-25,488.700012
2025-07-28,489.200012
2025-07-29,474.799988
2025-07-30,480.750000
2025-07-31,472.350006
2025-08-01,461.649994
2025-08-04,462.299988
2025-08-05,456.500000
2025-08-06,457.700012
2025-08-07,461.100006
2025-08-08,461.350006
2025-08-11,458.000000
2025-08-12,457.149994
2025-08-13,469.600006
2025-08-14,472.899994
2025-08-15,476.100006
2025-08-18,475.850006
2025-08-19,489.899994
2025-08-20,493.549988
2025-08-21,485.000000
2025-08-22,495.100006
2025-08-25,488.049988
2025-08-26,486.250000
2025-08-27,502.000000
2025-08-28,513.099976
2025-08-29,504.100006
2025-09-01,503.700012
2025-09-02,513.000000
2025-09-03,520.799988
2025-09-04,499.100006
2025-09-05,496.250000
2025-09-08,496.149994
2025-09-09,492.000000
2025-09-10,489.750000
2025-09-11,487.350006
2025-09-12,490.649994
2025-09-15,504.200012
2025-09-16,507.700012
2025-09-17,511.299988
2025-09-18,517.599976
2025-09-19,510.600006
2025-09-22,507.000000
2025-09-23,523.200012
2025-09-24,509.100006
2025-09-25,506.799988
2025-09-26,515.700012
2025-09-29,523.099976
2025-09-30,520.500000
2025-10-01,524.000000
2025-10-02,542.900024
2025-10-03,553.099976
2025-10-06,540.400024
2025-10-07,560.000000
2025-10-08,575.500000
2025-10-09,559.200012
2025-10-10,546.000000
2025-10-13,540.400024
2025-10-14,532.799988
2025-10-15,597.900024
2025-10-16,602.200012
2025-10-17,605.700012
2025-10-20,612.099976
2025-10-21,616.799988
2025-10-22,623.200012
2025-10-23,620.799988
2025-10-24,612.500000
2025-10-27,611.500000
2025-10-28,614.599976
2025-10-29,618.799988
2025-10-30,610.099976
2025-10-31,612.099976
2025-11-03,616.799988
2025-11-04,611.200012
2025-11-05,612.799988
2025-11-06,600.000000
2025-11-07,603.200012
2025-11-10,617.900024
2025-11-11,632.900024
2025-11-12,647.200012
2025-11-13,636.799988
2025-11-14,637.000000
2025-11-17,624.000000
2025-11-18,611.299988
2025-11-19,609.599976
2025-11-20,619.599976
2025-11-21,623.000000
2025-11-24,621.700012
2025-11-25,619.299988
2025-11-26,625.400024
2025-11-27,627.400024
2025-11-28,635.500000
2025-12-01,642.700012
2025-12-02,636.200012
2025-12-03,630.299988
2025-12-04,633.099976
2025-12-05,628.099976
2025-12-08,625.200012
2025-12-09,616.299988
2025-12-10,618.799988
2025-12-11,625.200012
2025-12-12,624.500000
2025-12-15,626.099976
2025-12-16,636.500000
2025-12-17,631.700012
2025-12-18,637.400024
2025-12-19,631.700012
2025-12-22,627.700012
2025-12-23,627.299988
2025-12-24,632.099976
2025-12-29,633.200012
2025-12-30,639.299988
2025-12-31,645.000000
2026-01-02,641.799988
2026-01-05,642.799988
2026-01-06,644.400024
2026-01-07,629.299988
2026-01-08,634.500000
2026-01-09,652.099976
2026-01-12,648.299988
2026-01-13,646.599976
2026-01-14,637.900024
2026-01-15,625.700012
2026-01-16,609.200012
2026-01-19,582.799988
2026-01-20,570.000000
2026-01-21,585.200012
2026-01-22,595.700012
2026-01-23,591.400024
2026-01-26,588.000000
2026-01-27,589.299988
2026-01-28,542.799988
2026-01-29,542.400024
2026-01-30,546.900024
2026-02-02,538.299988
2026-02-03,529.000000
2026-02-04,536.099976
2026-02-05,538.200012
2026-02-06,536.200012
2026-02-09,535.400024
2026-02-10,537.700012
2026-02-11,525.099976
2026-02-12,524.500000
2026-02-13,514.200012
2026-02-16,518.299988
2026-02-17,527.700012
2026-02-18,533.900024
2026-02-19,531.500000
2026-02-20,554.700012
2026-02-23,558.000000
2026-02-24,561.799988
2026-02-25,553.000000
2026-02-26,551.599976
2026-02-27,544.099976
2026-03-02,520.500000
2026-03-03,502.200012
2026-03-04,507.399994
2026-03-05,505.799988
2026-03-06,502.200012
2026-03-09,497.700012
2026-03-10,504.500000
2026-03-11,500.299988
2026-03-12,495.000000
2026-03-13,473.700012
2026-03-16,479.000000
2026-03-17,472.250000
2026-03-18,468.549988
2026-03-19,460.250000
2026-03-20,457.950012
2026-03-23,466.600006
2026-03-24,460.750000
2026-03-25,462.350006
2026-03-26,458.299988
2026-03-27,455.750000
2026-03-30,463.649994
2026-03-31,463.100006
2026-04-01,471.100006
2026-04-02,471.049988
2026-04-07,466.850006
2026-04-08,498.850006
2026-04-09,483.950012
2026-04-10,483.299988
2026-04-13,481.750000
2026-04-14,481.450012
2026-04-15,481.899994
2026-04-16,484.049988
2026-04-17,499.399994
2026-04-20,490.549988
2026-04-21,486.000000
2026-04-22,474.299988
2026-04-23,475.200012
2026-04-24,471.649994
2026-04-27,467.450012
2026-04-28,454.750000
2026-04-29,448.450012
2026-04-30,451.399994
2026-05-04,444.950012
2026-05-05,450.950012
2026-05-06,474.000000
2026-05-07,478.299988
2026-05-08,472.700012
2026-05-11,452.000000
2026-05-12,453.049988
2026-05-13,452.299988
2026-05-14,460.850006
2026-05-15,455.600006
2026-05-18,456.250000
2026-05-19,462.000000
2026-05-20,473.799988
2026-05-21,473.549988
2026-05-22,472.600006
2026-05-25,477.899994
2026-05-26,469.200012
2026-05-27,483.950012
2026-05-28,480.950012
2026-05-29,473.049988
2026-06-01,469.799988
2026-06-02,475.000000
2026-06-03,460.850006
2026-06-04,474.100006
2026-06-05,479.049988
2026-06-08,482.450012
2026-06-09,492.299988
2026-06-10,487.649994
2026-06-11,493.200012
2026-06-12,510.600006
2026-06-15,512.599976
2026-06-16,520.299988
2026-06-17,511.000000
2026-06-18,505.100006
2026-06-19,499.250000
2026-06-22,481.350006
2026-06-23,483.700012
2026-06-24,493.000000
2026-06-25,494.399994
2026-06-26,495.750000
2026-06-29,492.299988
2026-06-30,484.100006
2026-07-01,481.000000
2026-07-02,497.950012
2026-07-03,495.700012
2026-07-06,491.399994
2026-07-07,495.799988
2026-07-08,484.899994
2026-07-09,492.950012
2026-07-10,489.899994
2026-07-13,491.500000
2026-07-14,482.950012
2026-07-15,495.799988
2026-07-16,503.100006
2026-07-17,495.100006
2026-07-20,486.850006
2026-07-21,478.549988
2026-07-22,474.000000
2026-07-23,453.549988
2026-07-24,461.700012
2026-07-27,466.799988
2026-07-28,470.299988
2026-07-29,467.950012
2026-07-30,473.299988
2026-08-03,486.899994
2026-08-04,485.000000
2026-08-05,479.700012
2026-08-06,481.450012
2026-08-07,480.000000
2026-08-10,482.450012
